Date (m/d/y);Day;Time;Sample;Chloride 80ft (mg/L);Chloride 1100 ft (mg/L);Difference
25/01/05;1;12:30;1;16.33;17.02;0.69
25/01/05;1;12:31;2;16.39;17.12;0.73
25/01/05;1;12:32;3;16.39;17.12;0.73
25/01/05;1;12:33;4;16.38;17.11;0.73
25/01/05;1;12:34;5;16.39;17.03;0.64
25/01/05;1;12:35;6;16.32;17.03;0.71
25/01/05;1;12:36;7;16.40;16.93;0.53
25/01/05;1;12:37;8;16.41;17.02;0.61
25/01/05;1;12:38;9;16.43;17.02;0.59
25/01/05;1;12:39;10;16.41;17.10;0.69
25/01/05;1;12:40;11;16.35;17.02;0.67
25/01/05;1;12:41;12;16.40;17.03;0.63
25/01/05;1;12:42;13;16.41;17.01;0.60
25/01/05;1;12:43;14;16.40;17.00;0.60
25/01/05;1;12:44;15;16.41;17.10;0.69
25/01/05;1;12:45;16;16.35;17.01;0.66
25/01/05;1;12:46;17;16.41;17.02;0.61
25/01/05;1;12:47;18;16.41;16.93;0.52
25/01/05;1;12:48;19;16.42;17.08;0.66
25/01/05;1;12:49;20;16.42;16.93;0.51
25/01/05;1;12:50;21;16.35;16.91;0.56
25/01/05;1;12:51;22;16.42;17.00;0.58
25/01/05;1;12:52;23;16.42;17.08;0.66
25/01/05;1;12:53;24;16.40;17.00;0.60
25/01/05;1;12:54;25;16.40;17.08;0.68
25/01/05;1;12:55;26;16.35;17.09;0.74
25/01/05;1;12:56;27;16.42;17.00;0.58
25/01/05;1;12:57;28;16.41;17.00;0.59
25/01/05;1;12:58;29;16.42;16.97;0.55
25/01/05;1;12:59;30;16.43;17.00;0.57
25/01/05;1;1:00;31;16.39;16.96;0.57
25/01/05;1;1:01;32;16.43;17.02;0.59
25/01/05;1;1:02;33;16.40;16.93;0.53
25/01/05;1;1:03;34;16.44;16.99;0.55
25/01/05;1;1:04;35;16.41;16.99;0.58
25/01/05;1;1:05;36;16.37;17.00;0.63
25/01/05;1;1:06;37;16.42;16.92;0.50
25/01/05;1;1:07;38;16.42;17.00;0.58
25/01/05;1;1:08;39;16.45;16.97;0.52
25/01/05;1;1:09;40;16.49;16.99;0.50
25/01/05;1;1:10;41;16.48;17.00;0.52
25/01/05;1;1:11;42;16.52;16.97;0.45
25/01/05;1;1:12;43;16.56;17.05;0.49
25/01/05;1;1:13;44;16.57;16.97;0.40
25/01/05;1;1:14;45;16.60;16.99;0.39
25/01/05;1;1:15;46;16.56;16.99;0.43
25/01/05;1;1:16;47;16.62;16.99;0.37
25/01/05;1;1:17;48;16.63;17.00;0.37
25/01/05;1;1:18;49;16.63;16.96;0.33
25/01/05;1;1:19;50;16.63;16.96;0.33
25/01/05;1;1:20;51;16.54;16.98;0.44
25/01/05;1;1:21;52;16.64;16.97;0.33
25/01/05;1;1:22;53;16.63;16.94;0.31
25/01/05;1;1:23;54;16.63;16.98;0.35
25/01/05;1;1:24;55;16.63;16.97;0.34
25/01/05;1;1:25;56;16.54;17.05;0.51
25/01/05;1;1:26;57;16.64;16.97;0.33
25/01/05;1;1:27;58;16.65;16.96;0.31
25/01/05;1;1:28;59;16.63;16.96;0.33
25/01/05;1;1:29;60;16.58;17.01;0.43
25/01/05;1;1:30;61;16.51;17.03;0.52
25/01/05;1;1:31;62;16.52;17.04;0.52
25/01/05;1;1:32;63;16.55;17.08;0.53
25/01/05;1;1:33;64;16.51;17.04;0.53
25/01/05;1;1:34;65;16.52;17.06;0.54
25/01/05;1;1:35;66;16.42;17.07;0.65
25/01/05;1;1:36;67;16.49;17.06;0.57
25/01/05;1;1:37;68;16.50;17.01;0.51
25/01/05;1;1:38;69;16.47;17.06;0.59
25/01/05;1;1:39;70;16.49;17.08;0.59
25/01/05;1;1:40;71;16.41;17.08;0.67
25/01/05;1;1:41;72;16.47;17.08;0.61
25/01/05;1;1:42;73;16.46;17.06;0.60
25/01/05;1;1:43;74;16.46;17.06;0.60
25/01/05;1;1:44;75;16.40;17.11;0.71
25/01/05;1;1:45;76;16.37;17.09;0.72
25/01/05;1;1:46;77;16.46;17.08;0.62
25/01/05;1;1:47;78;16.46;17.10;0.64
25/01/05;1;1:48;79;16.46;17.05;0.59
25/01/05;1;1:49;80;16.41;16.99;0.58
25/01/05;1;1:50;81;16.40;16.93;0.53
25/01/05;1;1:51;82;16.47;16.92;0.45
25/01/05;1;1:52;83;16.46;16.90;0.44
25/01/05;1;1:53;84;16.44;16.97;0.53
25/01/05;1;1:54;85;16.45;16.91;0.46
25/01/05;1;1:55;86;16.37;16.97;0.60
25/01/05;1;1:56;87;16.45;16.96;0.51
25/01/05;1;1:57;88;16.45;16.95;0.50
25/01/05;1;1:58;89;16.43;16.93;0.50
25/01/05;1;1:59;90;16.44;16.86;0.42
25/01/05;1;2:00;91;16.42;16.94;0.52
25/01/05;1;2:01;92;16.46;16.94;0.48
25/01/05;1;2:02;93;16.42;16.99;0.57
25/01/05;1;2:03;94;16.44;16.92;0.48
25/01/05;1;2:04;95;16.46;16.94;0.48
25/01/05;1;2:05;96;16.38;16.93;0.55
25/01/05;1;2:06;97;16.42;16.92;0.50
25/01/05;1;2:07;98;16.43;16.97;0.54
25/01/05;1;2:08;99;16.45;16.91;0.46
25/01/05;1;2:09;100;16.43;16.91;0.48
25/01/05;1;2:10;101;16.40;16.94;0.54
25/01/05;1;2:11;102;16.44;16.91;0.47
25/01/05;1;2:12;103;16.42;16.92;0.50
25/01/05;1;2:13;104;16.44;16.91;0.47
25/01/05;1;2:14;105;16.43;16.90;0.47
25/01/05;1;2:15;106;16.36;16.91;0.55
25/01/05;1;2:16;107;16.42;16.89;0.47
25/01/05;1;2:17;108;16.43;16.90;0.47
25/01/05;1;2:18;109;16.44;16.88;0.44
25/01/05;1;2:19;110;16.41;16.90;0.49
25/01/05;1;2:20;111;16.38;16.91;0.53
25/01/05;1;2:21;112;16.43;16.89;0.46
25/01/05;1;2:22;113;16.45;16.89;0.44
25/01/05;1;2:23;114;16.41;16.86;0.45
25/01/05;1;2:24;115;16.43;16.89;0.46
25/01/05;1;2:25;116;16.36;16.90;0.54
25/01/05;1;2:26;117;16.42;16.90;0.48
25/01/05;1;2:27;118;16.42;16.90;0.48
25/01/05;1;2:28;119;16.42;16.87;0.45
25/01/05;1;2:29;120;16.41;16.89;0.48
25/01/05;1;2:30;121;16.35;16.88;0.53
25/01/05;1;2:31;122;16.42;16.88;0.46
25/01/05;1;2:32;123;16.39;16.88;0.49
25/01/05;1;2:33;124;16.42;16.86;0.44
25/01/05;1;2:34;125;16.43;16.88;0.45
25/01/05;1;2:35;126;16.35;16.89;0.54
25/01/05;1;2:36;127;16.42;16.88;0.46
25/01/05;1;2:37;128;16.43;16.89;0.46
25/01/05;1;2:38;129;16.43;16.80;0.37
25/01/05;1;2:39;130;16.37;16.90;0.53
25/01/05;1;2:40;131;16.41;16.79;0.38
25/01/05;1;2:41;132;16.57;16.86;0.29
25/01/05;1;2:42;133;16.68;16.86;0.18
25/01/05;1;2:43;134;16.81;16.85;0.04
25/01/05;1;2:44;135;16.89;16.80;-0.09
25/01/05;1;2:45;136;16.86;16.81;-0.05
25/01/05;1;2:46;137;16.98;16.88;-0.10
25/01/05;1;2:47;138;17.00;16.81;-0.19
25/01/05;1;2:48;139;16.99;16.85;-0.14
25/01/05;1;2:49;140;17.03;16.79;-0.24
25/01/05;1;2:50;141;16.99;16.78;-0.21
25/01/05;1;2:51;142;17.04;16.84;-0.20
25/01/05;1;2:52;143;17.07;16.80;-0.27
25/01/05;1;2:53;144;17.07;16.82;-0.25
25/01/05;1;2:54;145;17.11;16.85;-0.26
25/01/05;1;2:55;146;17.05;16.79;-0.26
25/01/05;1;2:56;147;17.12;16.85;-0.27
25/01/05;1;2:57;148;17.11;16.79;-0.32
25/01/05;1;2:58;149;17.11;16.76;-0.35
25/01/05;1;2:59;150;17.12;16.84;-0.28
25/01/05;1;3:00;151;17.08;16.86;-0.22
25/01/05;1;3:01;152;17.08;16.85;-0.23
25/01/05;1;3:02;153;16.93;16.95;0.02
25/01/05;1;3:03;154;16.82;17.02;0.20
25/01/05;1;3:04;155;16.73;17.18;0.45
25/01/05;1;3:05;156;16.67;17.22;0.55
25/01/05;1;3:06;157;16.67;17.23;0.56
25/01/05;1;3:07;158;16.64;17.23;0.59
25/01/05;1;3:08;159;16.62;17.14;0.52
25/01/05;1;3:09;160;16.58;17.23;0.65
25/01/05;1;3:10;161;16.55;17.22;0.67
25/01/05;1;3:11;162;16.56;17.25;0.69
25/01/05;1;3:12;163;16.53;17.25;0.72
25/01/05;1;3:13;164;16.53;17.24;0.71
25/01/05;1;3:14;165;16.52;17.25;0.73
25/01/05;1;3:15;166;16.47;17.27;0.80
25/01/05;1;3:16;167;16.51;17.19;0.68
25/01/05;1;3:17;168;16.51;17.25;0.74
25/01/05;1;3:18;169;16.50;17.26;0.76
25/01/05;1;3:19;170;16.50;17.26;0.76
25/01/05;1;3:20;171;16.41;17.26;0.85
25/01/05;1;3:21;172;16.49;17.18;0.69
25/01/05;1;3:22;173;16.47;17.17;0.70
25/01/05;1;3:23;174;16.47;17.03;0.56
25/01/05;1;3:24;175;16.46;16.96;0.50
25/01/05;1;3:25;176;16.38;16.94;0.56
25/01/05;1;3:26;177;16.46;16.97;0.51
25/01/05;1;3:27;178;16.44;16.87;0.43
25/01/05;1;3:28;179;16.44;16.85;0.41
25/01/05;1;3:29;180;16.45;16.82;0.37
25/01/05;1;3:30;181;16.36;16.87;0.51
25/01/05;1;3:31;182;16.44;16.87;0.43
25/01/05;1;3:32;183;16.44;16.81;0.37
25/01/05;1;3:33;184;16.43;16.79;0.36
25/01/05;1;3:34;185;16.45;16.81;0.36
25/01/05;1;3:35;186;16.39;16.80;0.41
25/01/05;1;3:36;187;16.44;16.78;0.34
25/01/05;1;3:37;188;16.42;16.80;0.38
25/01/05;1;3:38;189;16.45;16.78;0.33
25/01/05;1;3:39;190;16.44;16.77;0.33
25/01/05;1;3:40;191;16.35;16.75;0.40
25/01/05;1;3:41;192;16.40;16.77;0.37
25/01/05;1;3:42;193;16.41;16.76;0.35
25/01/05;1;3:43;194;16.43;16.75;0.32
25/01/05;1;3:44;195;16.44;16.76;0.32
25/01/05;1;3:45;196;16.35;16.78;0.43
25/01/05;1;3:46;197;16.38;16.76;0.38
25/01/05;1;3:47;198;16.41;16.75;0.34
25/01/05;1;3:48;199;16.40;16.74;0.34
25/01/05;1;3:49;200;16.41;16.74;0.33
25/01/05;1;3:50;201;16.32;16.73;0.41
25/01/05;1;3:51;202;16.39;16.80;0.41
25/01/05;1;3:52;203;16.37;16.79;0.42
25/01/05;1;3:53;204;16.40;16.72;0.32
25/01/05;1;3:54;205;16.38;16.79;0.41
25/01/05;1;3:55;206;16.30;16.74;0.44
25/01/05;1;3:56;207;16.37;16.72;0.35
25/01/05;1;3:57;208;16.38;16.80;0.42
25/01/05;1;3:58;209;16.37;16.69;0.32
25/01/05;1;3:59;210;16.35;16.78;0.43
25/01/05;1;4:00;211;16.34;16.77;0.43
25/01/05;1;4:01;212;16.37;16.71;0.34
25/01/05;1;4:02;213;16.37;16.77;0.40
25/01/05;1;4:03;214;16.38;16.71;0.33
25/01/05;1;4:04;215;16.35;16.74;0.39
25/01/05;1;4:05;216;16.29;16.71;0.42
25/01/05;1;4:06;217;16.39;16.72;0.33
25/01/05;1;4:07;218;16.38;16.73;0.35
25/01/05;1;4:08;219;16.35;16.71;0.36
25/01/05;1;4:09;220;16.36;16.71;0.35
25/01/05;1;4:10;221;16.33;16.69;0.36
25/01/05;1;4:11;222;16.37;16.70;0.33
25/01/05;1;4:12;223;16.39;16.71;0.32
25/01/05;1;4:13;224;16.37;16.68;0.31
25/01/05;1;4:14;225;16.38;16.72;0.34
25/01/05;1;4:15;226;16.29;16.71;0.42
25/01/05;1;4:16;227;16.39;16.70;0.31
25/01/05;1;4:17;228;16.34;16.76;0.42
25/01/05;1;4:18;229;16.38;16.68;0.30
25/01/05;1;4:19;230;16.37;16.76;0.39
25/01/05;1;4:20;231;16.33;16.70;0.37
25/01/05;1;4:21;232;16.55;16.69;0.14
25/01/05;1;4:22;233;16.74;16.68;-0.06
25/01/05;1;4:23;234;16.80;16.67;-0.13
25/01/05;1;4:24;235;16.82;16.67;-0.15
25/01/05;1;4:25;236;16.79;16.70;-0.09
25/01/05;1;4:26;237;16.90;16.69;-0.21
25/01/05;1;4:27;238;16.90;16.69;-0.21
25/01/05;1;4:28;239;16.92;16.66;-0.26
25/01/05;1;4:29;240;16.97;16.68;-0.29
25/01/05;1;4:30;241;16.86;16.72;-0.14
25/01/05;1;4:31;242;16.98;16.67;-0.31
25/01/05;1;4:32;243;16.98;16.67;-0.31
25/01/05;1;4:33;244;17.00;16.66;-0.34
25/01/05;1;4:34;245;17.00;16.67;-0.33
25/01/05;1;4:35;246;16.93;16.74;-0.19
25/01/05;1;4:36;247;17.01;16.68;-0.33
25/01/05;1;4:37;248;17.01;16.69;-0.32
25/01/05;1;4:38;249;17.03;16.67;-0.36
25/01/05;1;4:39;250;17.02;16.68;-0.34
25/01/05;1;4:40;251;16.97;16.73;-0.24
25/01/05;1;4:41;252;17.05;16.81;-0.24
25/01/05;1;4:42;253;17.07;16.96;-0.11
25/01/05;1;4:43;254;16.93;17.03;0.10
25/01/05;1;4:44;255;16.82;17.06;0.24
25/01/05;1;4:45;256;16.66;17.08;0.42
25/01/05;1;4:46;257;16.69;17.09;0.40
25/01/05;1;4:47;258;16.64;17.09;0.45
25/01/05;1;4:48;259;16.58;17.06;0.48
25/01/05;1;4:49;260;16.57;17.07;0.50
25/01/05;1;4:50;261;16.49;17.10;0.61
25/01/05;1;4:51;262;16.52;17.12;0.60
25/01/05;1;4:52;263;16.51;17.12;0.61
25/01/05;1;4:53;264;16.52;17.10;0.58
25/01/05;1;4:54;265;16.49;17.13;0.64
25/01/05;1;4:55;266;16.39;17.12;0.73
25/01/05;1;4:56;267;16.46;17.13;0.67
25/01/05;1;4:57;268;16.47;17.13;0.66
25/01/05;1;4:58;269;16.44;17.11;0.67
25/01/05;1;4:59;270;16.45;17.12;0.67
25/01/05;1;5:00;271;16.40;17.19;0.79
25/01/05;1;5:01;272;16.44;17.14;0.70
25/01/05;1;5:02;273;16.42;17.11;0.69
25/01/05;1;5:03;274;16.43;17.10;0.67
25/01/05;1;5:04;275;16.43;17.04;0.61
25/01/05;1;5:05;276;16.37;16.95;0.58
25/01/05;1;5:06;277;16.41;16.90;0.49
25/01/05;1;5:07;278;16.38;16.84;0.46
25/01/05;1;5:08;279;16.40;16.79;0.39
25/01/05;1;5:09;280;16.41;16.79;0.38
25/01/05;1;5:10;281;16.32;16.78;0.46
25/01/05;1;5:11;282;16.40;16.76;0.36
25/01/05;1;5:12;283;16.40;16.77;0.37
25/01/05;1;5:13;284;16.40;16.74;0.34
25/01/05;1;5:14;285;16.41;16.75;0.34
25/01/05;1;5:15;286;16.31;16.74;0.43
25/01/05;1;5:16;287;16.41;16.72;0.31
25/01/05;1;5:17;288;16.40;16.71;0.31
25/01/05;1;5:18;289;16.37;16.70;0.33
25/01/05;1;5:19;290;16.29;16.78;0.49
25/01/05;1;5:20;291;16.30;16.72;0.42
25/01/05;1;5:21;292;16.37;16.71;0.34
25/01/05;1;5:22;293;16.37;16.72;0.35
25/01/05;1;5:23;294;16.37;16.70;0.33
25/01/05;1;5:24;295;16.35;16.70;0.35
25/01/05;1;5:25;296;16.29;16.69;0.40
25/01/05;1;5:26;297;16.34;16.68;0.34
25/01/05;1;5:27;298;16.34;16.68;0.34
25/01/05;1;5:28;299;16.35;16.67;0.32
25/01/05;1;5:29;300;16.37;16.69;0.32
25/01/05;1;5:30;301;16.28;16.72;0.44
26/01/05;2;10:05;1;15.69;16.70;1.01
26/01/05;2;10:06;2;15.75;16.72;0.97
26/01/05;2;10:07;3;15.72;16.76;1.04
26/01/05;2;10:08;4;15.75;16.81;1.06
26/01/05;2;10:09;5;15.76;16.58;0.82
26/01/05;2;10:10;6;15.74;16.84;1.10
26/01/05;2;10:11;7;15.76;16.85;1.09
26/01/05;2;10:12;8;15.77;16.86;1.09
26/01/05;2;10:13;9;15.77;16.61;0.84
26/01/05;2;10:14;10;15.73;16.78;1.05
26/01/05;2;10:15;11;15.62;16.55;0.93
26/01/05;2;10:16;12;15.70;16.76;1.06
26/01/05;2;10:17;13;15.72;16.78;1.06
26/01/05;2;10:18;14;15.72;16.62;0.90
26/01/05;2;10:19;15;15.70;16.80;1.10
26/01/05;2;10:20;16;15.68;16.80;1.12
26/01/05;2;10:21;17;15.70;16.83;1.13
26/01/05;2;10:22;18;15.72;16.86;1.14
26/01/05;2;10:23;19;15.72;16.87;1.15
26/01/05;2;10:24;20;15.73;16.96;1.23
26/01/05;2;10:25;21;15.67;16.73;1.06
26/01/05;2;10:26;22;15.71;16.72;1.01
26/01/05;2;10:27;23;15.84;17.07;1.23
26/01/05;2;10:28;24;15.73;16.74;1.01
26/01/05;2;10:29;25;15.87;16.91;1.04
26/01/05;2;10:30;26;15.71;16.82;1.11
26/01/05;2;10:31;27;15.78;16.84;1.06
26/01/05;2;10:32;28;15.77;17.01;1.24
26/01/05;2;10:33;29;15.77;16.80;1.03
26/01/05;2;10:34;30;15.77;16.99;1.22
26/01/05;2;10:35;31;15.73;16.85;1.12
26/01/05;2;10:36;32;15.75;16.87;1.12
26/01/05;2;10:37;33;15.76;16.90;1.14
26/01/05;2;10:38;34;15.79;16.89;1.10
26/01/05;2;10:39;35;15.76;17.10;1.34
26/01/05;2;10:40;36;15.79;17.17;1.38
26/01/05;2;10:41;37;15.80;16.97;1.17
26/01/05;2;10:42;38;15.90;17.22;1.32
26/01/05;2;10:43;39;15.98;17.22;1.24
26/01/05;2;10:44;40;15.95;17.20;1.25
26/01/05;2;10:45;41;16.01;17.27;1.26
26/01/05;2;10:46;42;16.00;17.08;1.08
26/01/05;2;10:47;43;16.03;17.22;1.19
26/01/05;2;10:48;44;16.08;17.27;1.19
26/01/05;2;10:49;45;16.05;17.25;1.20
26/01/05;2;10:50;46;15.99;17.28;1.29
26/01/05;2;10:51;47;16.07;17.15;1.08
26/01/05;2;10:52;48;16.13;17.37;1.24
26/01/05;2;10:53;49;16.11;17.31;1.20
26/01/05;2;10:54;50;16.10;17.33;1.23
26/01/05;2;10:55;51;16.06;17.41;1.35
26/01/05;2;10:56;52;16.18;17.44;1.26
26/01/05;2;10:57;53;16.17;17.43;1.26
26/01/05;2;10:58;54;16.16;17.41;1.25
26/01/05;2;10:59;55;16.12;17.34;1.22
26/01/05;2;11:00;56;16.18;17.38;1.20
26/01/05;2;11:01;57;16.09;17.33;1.24
26/01/05;2;11:02;58;16.10;17.45;1.35
26/01/05;2;11:03;59;16.10;17.47;1.37
26/01/05;2;11:04;60;16.03;17.48;1.45
26/01/05;2;11:05;61;15.98;17.38;1.40
26/01/05;2;11:06;62;16.04;17.58;1.54
26/01/05;2;11:07;63;16.03;17.61;1.58
26/01/05;2;11:08;64;15.99;17.57;1.58
26/01/05;2;11:09;65;16.01;17.66;1.65
26/01/05;2;11:10;66;15.98;17.69;1.71
26/01/05;2;11:11;67;15.96;17.64;1.68
26/01/05;2;11:12;68;16.01;17.71;1.70
26/01/05;2;11:13;69;15.97;17.63;1.66
26/01/05;2;11:14;70;16.00;17.67;1.67
26/01/05;2;11:15;71;15.91;17.65;1.74
26/01/05;2;11:16;72;15.99;17.52;1.53
26/01/05;2;11:17;73;16.04;17.69;1.65
26/01/05;2;11:18;74;16.01;17.58;1.57
26/01/05;2;11:19;75;16.01;17.72;1.71
26/01/05;2;11:20;76;15.89;17.59;1.70
26/01/05;2;11:21;77;15.99;17.57;1.58
26/01/05;2;11:22;78;15.99;17.54;1.55
26/01/05;2;11:23;79;15.98;17.51;1.53
26/01/05;2;11:24;80;15.98;17.61;1.63
26/01/05;2;11:25;81;15.92;17.48;1.56
26/01/05;2;11:26;82;16.02;17.47;1.45
26/01/05;2;11:27;83;15.99;17.48;1.49
26/01/05;2;11:28;84;15.99;17.49;1.50
26/01/05;2;11:29;85;16.00;17.62;1.62
26/01/05;2;11:30;86;16.01;17.70;1.69
26/01/05;2;11:31;87;16.05;17.57;1.52
26/01/05;2;11:32;88;16.03;17.67;1.64
26/01/05;2;11:33;89;16.01;17.50;1.49
26/01/05;2;11:34;90;16.03;17.62;1.59
26/01/05;2;11:35;91;16.02;17.65;1.63
26/01/05;2;11:36;92;16.03;17.63;1.60
26/01/05;2;11:37;93;16.05;17.69;1.64
26/01/05;2;11:38;94;16.05;17.68;1.63
26/01/05;2;11:39;95;16.07;17.70;1.63
26/01/05;2;11:40;96;15.96;17.65;1.69
26/01/05;2;11:41;97;16.02;17.66;1.64
26/01/05;2;11:42;98;16.04;17.67;1.63
26/01/05;2;11:43;99;16.06;17.68;1.62
26/01/05;2;11:44;100;16.10;17.74;1.64
26/01/05;2;11:45;101;16.04;17.74;1.70
26/01/05;2;11:46;102;16.13;17.75;1.62
26/01/05;2;11:47;103;16.07;17.70;1.63
26/01/05;2;11:48;104;16.08;17.69;1.61
26/01/05;2;11:49;105;16.10;17.74;1.64
26/01/05;2;11:50;106;16.04;17.72;1.68
26/01/05;2;12:30;107;16.16;17.85;1.69
26/01/05;2;12:31;108;16.18;17.83;1.65
26/01/05;2;12:32;109;16.20;17.87;1.67
26/01/05;2;12:33;110;16.15;17.78;1.63
26/01/05;2;12:34;111;16.15;17.70;1.55
26/01/05;2;12:35;112;16.15;17.82;1.67
26/01/05;2;12:36;113;16.19;17.83;1.64
26/01/05;2;12:37;114;16.16;17.81;1.65
26/01/05;2;12:38;115;16.20;17.81;1.61
26/01/05;2;12:39;116;16.19;17.85;1.66
26/01/05;2;12:40;117;16.11;17.81;1.70
26/01/05;2;12:41;118;16.19;17.84;1.65
26/01/05;2;12:42;119;16.17;17.84;1.67
26/01/05;2;12:43;120;16.17;17.81;1.64
26/01/05;2;12:44;121;16.19;17.83;1.64
26/01/05;2;12:45;122;16.15;17.86;1.71
26/01/05;2;12:46;123;16.20;17.86;1.66
26/01/05;2;12:47;124;16.25;17.85;1.60
26/01/05;2;12:48;125;16.24;17.83;1.59
26/01/05;2;12:49;126;16.20;17.84;1.64
26/01/05;2;12:50;127;16.15;17.76;1.61
26/01/05;2;12:51;128;16.18;17.77;1.59
26/01/05;2;12:52;129;16.23;17.85;1.62
26/01/05;2;12:53;130;16.26;17.87;1.61
26/01/05;2;12:54;131;16.23;17.88;1.65
26/01/05;2;12:55;132;16.23;17.91;1.68
26/01/05;2;12:56;133;16.28;17.91;1.63
26/01/05;2;12:57;134;16.23;17.87;1.64
26/01/05;2;12:58;135;16.20;17.88;1.68
26/01/05;2;12:59;136;16.22;17.88;1.66
26/01/05;2;1:00;137;16.24;17.90;1.66
26/01/05;2;1:01;138;16.19;17.85;1.66
26/01/05;2;1:02;139;16.20;17.85;1.65
26/01/05;2;1:03;140;16.19;17.76;1.57
26/01/05;2;1:04;141;16.20;17.88;1.68
26/01/05;2;1:05;142;16.16;17.81;1.65
26/01/05;2;1:06;143;16.27;17.77;1.50
26/01/05;2;1:07;144;16.38;17.83;1.45
26/01/05;2;1:08;145;16.42;17.87;1.45
26/01/05;2;1:09;146;16.48;17.89;1.41
26/01/05;2;1:10;147;16.47;17.91;1.44
26/01/05;2;1:11;148;16.57;17.89;1.32
26/01/05;2;1:12;149;16.53;17.84;1.31
26/01/05;2;1:13;150;16.54;17.78;1.24
26/01/05;2;1:14;151;16.57;17.81;1.24
26/01/05;2;1:15;152;16.59;17.90;1.31
26/01/05;2;1:16;153;16.64;17.88;1.24
26/01/05;2;1:17;154;16.63;17.78;1.15
26/01/05;2;1:18;155;16.61;17.85;1.24
26/01/05;2;1:19;156;16.64;17.90;1.26
26/01/05;2;1:20;157;16.63;17.90;1.27
26/01/05;2;1:21;158;16.66;17.86;1.20
26/01/05;2;1:22;159;16.64;17.88;1.24
26/01/05;2;1:23;160;16.62;17.85;1.23
26/01/05;2;1:24;161;16.67;17.87;1.20
26/01/05;2;1:25;162;16.55;17.90;1.35
26/01/05;2;1:26;163;16.53;17.84;1.31
26/01/05;2;1:27;164;16.51;17.97;1.46
26/01/05;2;1:28;165;16.45;17.98;1.53
26/01/05;2;1:29;166;16.45;18.03;1.58
26/01/05;2;1:30;167;16.50;18.09;1.59
26/01/05;2;1:31;168;16.56;18.12;1.56
26/01/05;2;1:32;169;16.46;18.09;1.63
26/01/05;2;1:33;170;16.46;18.12;1.66
26/01/05;2;1:34;171;16.46;18.14;1.68
26/01/05;2;1:35;172;16.40;18.16;1.76
26/01/05;2;1:36;173;16.40;18.13;1.73
26/01/05;2;1:37;174;16.38;18.13;1.75
26/01/05;2;1:38;175;16.41;18.12;1.71
26/01/05;2;1:39;176;16.40;18.14;1.74
26/01/05;2;1:40;177;16.33;18.15;1.82
26/01/05;2;1:41;178;16.37;18.15;1.78
26/01/05;2;1:42;179;16.36;18.12;1.76
26/01/05;2;1:43;180;16.34;18.12;1.78
26/01/05;2;1:44;181;16.36;18.13;1.77
26/01/05;2;1:45;182;16.32;18.12;1.80
26/01/05;2;1:46;183;16.36;18.05;1.69
26/01/05;2;1:47;184;16.37;18.00;1.63
26/01/05;2;1:48;185;16.30;17.96;1.66
26/01/05;2;1:49;186;16.32;18.00;1.68
26/01/05;2;1:50;187;16.27;17.99;1.72
26/01/05;2;1:51;188;16.34;18.01;1.67
26/01/05;2;1:52;189;16.35;18.01;1.66
26/01/05;2;1:53;190;16.33;17.98;1.65
26/01/05;2;1:54;191;16.37;17.99;1.62
26/01/05;2;1:55;192;16.29;17.97;1.68
26/01/05;2;1:56;193;16.36;17.96;1.60
26/01/05;2;1:57;194;16.36;17.95;1.59
26/01/05;2;1:58;195;16.32;17.92;1.60
26/01/05;2;1:59;196;16.34;17.93;1.59
26/01/05;2;2:00;197;16.34;17.97;1.63
26/01/05;2;2:01;198;16.34;17.91;1.57
26/01/05;2;2:02;199;16.35;17.91;1.56
26/01/05;2;2:03;200;16.31;17.89;1.58
26/01/05;2;2:04;201;16.32;17.91;1.59
26/01/05;2;2:05;202;16.29;17.90;1.61
26/01/05;2;2:06;203;16.32;17.91;1.59
26/01/05;2;2:07;204;16.35;17.92;1.57
26/01/05;2;2:08;205;16.32;17.90;1.58
26/01/05;2;2:09;206;16.32;17.95;1.63
26/01/05;2;2:10;207;16.29;17.92;1.63
26/01/05;2;2:11;208;16.34;17.93;1.59
26/01/05;2;2:12;209;16.35;17.93;1.58
26/01/05;2;2:13;210;16.33;17.90;1.57
26/01/05;2;2:14;211;16.34;17.90;1.56
26/01/05;2;2:15;212;16.25;17.90;1.65
26/01/05;2;2:16;213;16.33;17.90;1.57
26/01/05;2;2:17;214;16.33;17.92;1.59
26/01/05;2;2:18;215;16.33;17.92;1.59
26/01/05;2;2:19;216;16.33;17.93;1.60
26/01/05;2;2:20;217;16.28;17.93;1.65
26/01/05;2;2:21;218;16.32;17.91;1.59
26/01/05;2;2:22;219;16.32;17.92;1.60
26/01/05;2;2:23;220;16.30;17.89;1.59
26/01/05;2;2:24;221;16.33;17.92;1.59
26/01/05;2;2:25;222;16.26;17.90;1.64
26/01/05;2;2:26;223;16.31;17.91;1.60
26/01/05;2;2:27;224;16.30;17.91;1.61
26/01/05;2;2:28;225;16.28;17.89;1.61
26/01/05;2;2:29;226;16.30;17.92;1.62
26/01/05;2;2:30;227;16.27;17.91;1.64
26/01/05;2;2:31;228;16.32;17.93;1.61
26/01/05;2;2:32;229;16.31;17.94;1.63
26/01/05;2;2:33;230;16.31;17.90;1.59
26/01/05;2;2:34;231;16.34;17.94;1.60
26/01/05;2;2:35;232;16.27;17.94;1.67
26/01/05;2;2:36;233;16.33;17.94;1.61
26/01/05;2;2:37;234;16.33;17.95;1.62
26/01/05;2;2:38;235;16.31;17.91;1.60
26/01/05;2;2:39;236;16.32;17.92;1.60
26/01/05;2;2:40;237;16.26;17.81;1.55
26/01/05;2;2:41;238;16.31;17.92;1.61
26/01/05;2;2:42;239;16.30;17.90;1.60
26/01/05;2;2:43;240;16.29;17.87;1.58
26/01/05;2;2:44;241;16.29;17.91;1.62
26/01/05;2;2:45;242;16.25;17.88;1.63
26/01/05;2;2:46;243;16.29;17.88;1.59
26/01/05;2;2:47;244;16.26;17.89;1.63
26/01/05;2;2:48;245;16.28;17.86;1.58
26/01/05;2;2:49;246;16.27;17.89;1.62
26/01/05;2;2:50;247;16.23;17.88;1.65
26/01/05;2;2:51;248;16.32;17.90;1.58
26/01/05;2;2:52;249;16.52;17.87;1.35
26/01/05;2;2:53;250;16.66;17.85;1.19
26/01/05;2;2:54;251;16.74;17.89;1.15
26/01/05;2;2:55;252;16.77;17.92;1.15
26/01/05;2;2:56;253;16.83;17.91;1.08
26/01/05;2;2:57;254;16.86;17.91;1.05
26/01/05;2;2:58;255;16.87;17.89;1.02
26/01/05;2;2:59;256;16.87;17.90;1.03
26/01/05;2;3:00;257;16.89;17.92;1.03
26/01/05;2;3:01;258;16.90;17.88;0.98
26/01/05;2;3:02;259;16.93;17.89;0.96
26/01/05;2;3:03;260;16.93;17.86;0.93
26/01/05;2;3:04;261;16.95;17.88;0.93
26/01/05;2;3:05;262;16.91;17.87;0.96
26/01/05;2;3:06;263;16.97;17.87;0.90
26/01/05;2;3:07;264;17.00;17.88;0.88
26/01/05;2;3:08;265;17.00;17.87;0.87
26/01/05;2;3:09;266;17.04;17.91;0.87
26/01/05;2;3:10;267;16.97;17.88;0.91
26/01/05;2;3:11;268;17.02;17.92;0.90
26/01/05;2;3:12;269;17.00;18.01;1.01
26/01/05;2;3:13;270;16.93;18.14;1.21
26/01/05;2;3:14;271;16.81;18.21;1.40
26/01/05;2;3:15;272;16.69;18.24;1.55
26/01/05;2;3:16;273;16.67;18.16;1.49
26/01/05;2;3:17;274;16.62;18.30;1.68
26/01/05;2;3:18;275;16.63;18.25;1.62
26/01/05;2;3:19;276;16.56;18.28;1.72
26/01/05;2;3:20;277;16.53;18.31;1.78
26/01/05;2;3:21;278;16.55;18.30;1.75
26/01/05;2;3:22;279;16.50;18.31;1.81
26/01/05;2;3:23;280;16.49;18.28;1.79
26/01/05;2;3:24;281;16.50;18.30;1.80
26/01/05;2;3:25;282;16.43;18.32;1.89
26/01/05;2;3:26;283;16.45;18.31;1.86
26/01/05;2;3:27;284;16.45;18.33;1.88
26/01/05;2;3:28;285;16.44;18.28;1.84
26/01/05;2;3:29;286;16.43;18.33;1.90
26/01/05;2;3:30;287;16.38;18.31;1.93
26/01/05;2;3:31;288;16.46;18.35;1.89
26/01/05;2;3:32;289;16.44;18.32;1.88
26/01/05;2;3:33;290;16.44;18.30;1.86
26/01/05;2;3:34;291;16.43;18.21;1.78
26/01/05;2;3:35;292;16.35;18.12;1.77
26/01/05;2;3:36;293;16.40;18.10;1.70
26/01/05;2;3:37;294;16.40;18.03;1.63
26/01/05;2;3:38;295;16.40;17.97;1.57
26/01/05;2;3:39;296;16.38;17.98;1.60
26/01/05;2;3:40;297;16.35;17.96;1.61
26/01/05;2;3:41;298;16.38;17.94;1.56
26/01/05;2;3:42;299;16.39;17.94;1.55
26/01/05;2;3:43;300;16.39;17.91;1.52
26/01/05;2;3:44;301;16.36;17.93;1.57
26/01/05;2;3:45;302;16.32;17.92;1.60
26/01/05;2;3:46;303;16.37;17.92;1.55
26/01/05;2;3:47;304;16.37;17.90;1.53
26/01/05;2;3:48;305;16.37;17.90;1.53
26/01/05;2;3:49;306;16.35;17.90;1.55
26/01/05;2;3:50;307;16.32;17.91;1.59
26/01/05;2;3:51;308;16.38;17.91;1.53
26/01/05;2;3:52;309;16.37;17.89;1.52
26/01/05;2;3:53;310;16.36;17.87;1.51
26/01/05;2;3:54;311;16.35;17.91;1.56
26/01/05;2;3:55;312;16.36;17.94;1.58
26/01/05;2;3:56;313;16.37;17.93;1.56
26/01/05;2;3:57;314;16.38;17.92;1.54
26/01/05;2;3:58;315;16.37;17.90;1.53
26/01/05;2;3:59;316;16.35;17.91;1.56
26/01/05;2;4:00;317;16.31;17.87;1.56