Date (m/d/y);Day;Time;Hour;Sample;Chloride 80ft (mg/L);Chloride 1100 ft (mg/L);Sp_Cond 80ft (µS/cm);Sp_Cond 1100 ft (µS/cm);DO 80ft (mg/L);DO 1100 ft (mg/L)
25/01/05;1;12:30;12.30;1;16.33;17.02;281;284;14.39;13.17
25/01/05;1;12:31;12.31;2;16.39;17.12;281;283;14.47;13.20
25/01/05;1;12:32;12.32;3;16.39;17.12;281;283;14.41;13.25
25/01/05;1;12:33;12.33;4;16.38;17.11;281;283;14.46;13.19
25/01/05;1;12:34;12.34;5;16.39;17.03;281;284;14.49;13.20
25/01/05;1;12:35;12.35;6;16.32;17.03;281;284;14.45;13.19
25/01/05;1;12:36;12.36;7;16.40;16.93;281;283;14.47;13.24
25/01/05;1;12:37;12.37;8;16.41;17.02;281;284;14.45;13.26
25/01/05;1;12:38;12.38;9;16.43;17.02;281;284;14.48;13.28
25/01/05;1;12:39;12.39;10;16.41;17.10;281;283;14.45;13.29
25/01/05;1;12:40;12.40;11;16.35;17.02;281;284;14.50;13.23
25/01/05;1;12:41;12.41;12;16.40;17.03;281;284;14.49;13.25
25/01/05;1;12:42;12.42;13;16.41;17.01;281;284;14.46;13.29
25/01/05;1;12:43;12.43;14;16.40;17.00;281;284;14.51;13.21
25/01/05;1;12:44;12.44;15;16.41;17.10;281;283;14.46;13.25
25/01/05;1;12:45;12.45;16;16.35;17.01;281;284;14.44;13.25
25/01/05;1;12:46;12.46;17;16.41;17.02;281;284;14.47;13.26
25/01/05;1;12:47;12.47;18;16.41;16.93;281;284;14.49;13.27
25/01/05;1;12:48;12.48;19;16.42;17.08;281;283;14.47;13.27
25/01/05;1;12:49;12.49;20;16.42;16.93;281;284;14.49;13.26
25/01/05;1;12:50;12.50;21;16.35;16.91;281;284;14.50;13.20
25/01/05;1;12:51;12.51;22;16.42;17.00;281;284;14.51;13.28
25/01/05;1;12:52;12.52;23;16.42;17.08;281;283;14.50;13.25
25/01/05;1;12:53;12.53;24;16.40;17.00;281;284;14.51;13.19
25/01/05;1;12:54;12.54;25;16.40;17.08;281;283;14.50;13.28
25/01/05;1;12:55;12.55;26;16.35;17.09;282;283;14.52;13.26
25/01/05;1;12:56;12.56;27;16.42;17.00;281;284;14.55;13.26
25/01/05;1;12:57;12.57;28;16.41;17.00;281;284;14.47;13.26
25/01/05;1;12:58;12.58;29;16.42;16.97;281;284;14.54;13.31
25/01/05;1;12:59;12.59;30;16.43;17.00;281;284;14.54;13.31
25/01/05;1;1:00;1.00;31;16.39;16.96;281;283;14.50;13.34
25/01/05;1;1:01;1.01;32;16.43;17.02;281;284;14.55;13.29
25/01/05;1;1:02;1.02;33;16.40;16.93;281;284;14.47;13.25
25/01/05;1;1:03;1.03;34;16.44;16.99;281;284;14.57;13.31
25/01/05;1;1:04;1.04;35;16.41;16.99;281;284;14.56;13.30
25/01/05;1;1:05;1.05;36;16.37;17.00;281;284;14.53;13.37
25/01/05;1;1:06;1.06;37;16.42;16.92;281;284;14.57;13.31
25/01/05;1;1:07;1.07;38;16.42;17.00;281;283;14.52;13.31
25/01/05;1;1:08;1.08;39;16.45;16.97;281;284;14.56;13.32
25/01/05;1;1:09;1.09;40;16.49;16.99;281;284;14.49;13.30
25/01/05;1;1:10;1.10;41;16.48;17.00;281;284;14.52;13.32
25/01/05;1;1:11;1.11;42;16.52;16.97;281;284;14.51;13.38
25/01/05;1;1:12;1.12;43;16.56;17.05;281;283;14.59;13.36
25/01/05;1;1:13;1.13;44;16.57;16.97;281;284;14.56;13.32
25/01/05;1;1:14;1.14;45;16.60;16.99;281;284;14.50;13.30
25/01/05;1;1:15;1.15;46;16.56;16.99;281;284;14.51;13.38
25/01/05;1;1:16;1.16;47;16.62;16.99;281;284;14.51;13.32
25/01/05;1;1:17;1.17;48;16.63;17.00;281;284;14.52;13.26
25/01/05;1;1:18;1.18;49;16.63;16.96;281;284;14.50;13.28
25/01/05;1;1:19;1.19;50;16.63;16.96;281;284;14.56;13.38
25/01/05;1;1:20;1.20;51;16.54;16.98;281;284;14.58;13.32
25/01/05;1;1:21;1.21;52;16.64;16.97;281;284;14.57;13.32
25/01/05;1;1:22;1.22;53;16.63;16.94;281;283;14.57;13.34
25/01/05;1;1:23;1.23;54;16.63;16.98;281;284;14.53;13.32
25/01/05;1;1:24;1.24;55;16.63;16.97;281;284;14.57;13.35
25/01/05;1;1:25;1.25;56;16.54;17.05;281;283;14.55;13.32
25/01/05;1;1:26;1.26;57;16.64;16.97;281;284;14.55;13.34
25/01/05;1;1:27;1.27;58;16.65;16.96;281;284;14.56;13.36
25/01/05;1;1:28;1.28;59;16.63;16.96;281;284;14.57;13.38
25/01/05;1;1:29;1.29;60;16.58;17.01;281;284;14.60;13.31
25/01/05;1;1:30;1.30;61;16.51;17.03;281;284;14.65;13.36
25/01/05;1;1:31;1.31;62;16.52;17.04;281;284;14.58;13.28
25/01/05;1;1:32;1.32;63;16.55;17.08;281;284;14.59;13.30
25/01/05;1;1:33;1.33;64;16.51;17.04;282;284;14.62;13.26
25/01/05;1;1:34;1.34;65;16.52;17.06;281;284;14.55;13.32
25/01/05;1;1:35;1.35;66;16.42;17.07;281;284;14.67;13.28
25/01/05;1;1:36;1.36;67;16.49;17.06;281;284;14.61;13.35
25/01/05;1;1:37;1.37;68;16.50;17.01;281;283;14.60;13.31
25/01/05;1;1:38;1.38;69;16.47;17.06;281;284;14.61;13.29
25/01/05;1;1:39;1.39;70;16.49;17.08;281;284;14.52;13.32
25/01/05;1;1:40;1.40;71;16.41;17.08;281;284;14.59;13.34
25/01/05;1;1:41;1.41;72;16.47;17.08;281;284;14.60;13.37
25/01/05;1;1:42;1.42;73;16.46;17.06;281;284;14.60;13.33
25/01/05;1;1:43;1.43;74;16.46;17.06;281;284;14.61;13.39
25/01/05;1;1:44;1.44;75;16.40;17.11;281;283;14.64;13.29
25/01/05;1;1:45;1.45;76;16.37;17.09;281;283;14.62;13.38
25/01/05;1;1:46;1.46;77;16.46;17.08;281;284;14.63;13.40
25/01/05;1;1:47;1.47;78;16.46;17.10;281;284;14.63;13.32
25/01/05;1;1:48;1.48;79;16.46;17.05;281;284;14.60;13.36
25/01/05;1;1:49;1.49;80;16.41;16.99;282;284;14.58;13.40
25/01/05;1;1:50;1.50;81;16.40;16.93;281;284;14.58;13.46
25/01/05;1;1:51;1.51;82;16.47;16.92;281;284;14.59;13.28
25/01/05;1;1:52;1.52;83;16.46;16.90;281;284;14.61;13.32
25/01/05;1;1:53;1.53;84;16.44;16.97;281;284;14.59;13.40
25/01/05;1;1:54;1.54;85;16.45;16.91;281;284;14.60;13.41
25/01/05;1;1:55;1.55;86;16.37;16.97;281;284;14.57;13.37
25/01/05;1;1:56;1.56;87;16.45;16.96;281;284;14.61;13.39
25/01/05;1;1:57;1.57;88;16.45;16.95;281;284;14.65;13.36
25/01/05;1;1:58;1.58;89;16.43;16.93;281;284;14.63;13.35
25/01/05;1;1:59;1.59;90;16.44;16.86;281;284;14.69;13.38
25/01/05;1;2:00;2.00;91;16.42;16.94;281;283;14.62;13.31
25/01/05;1;2:01;2.01;92;16.46;16.94;281;284;14.61;13.46
25/01/05;1;2:02;2.02;93;16.42;16.99;281;283;14.60;13.44
25/01/05;1;2:03;2.03;94;16.44;16.92;281;284;14.64;13.43
25/01/05;1;2:04;2.04;95;16.46;16.94;281;284;14.58;13.37
25/01/05;1;2:05;2.05;96;16.38;16.93;281;284;14.61;13.33
25/01/05;1;2:06;2.06;97;16.42;16.92;281;284;14.63;13.43
25/01/05;1;2:07;2.07;98;16.43;16.97;281;283;14.69;13.45
25/01/05;1;2:08;2.08;99;16.45;16.91;281;284;14.63;13.38
25/01/05;1;2:09;2.09;100;16.43;16.91;281;284;14.66;13.40
25/01/05;1;2:10;2.10;101;16.40;16.94;281;284;14.63;13.48
25/01/05;1;2:11;2.11;102;16.44;16.91;281;284;14.68;13.42
25/01/05;1;2:12;2.12;103;16.42;16.92;281;284;14.63;13.35
25/01/05;1;2:13;2.13;104;16.44;16.91;281;284;14.64;13.42
25/01/05;1;2:14;2.14;105;16.43;16.90;281;284;14.66;13.44
25/01/05;1;2:15;2.15;106;16.36;16.91;281;284;14.62;13.44
25/01/05;1;2:16;2.16;107;16.42;16.89;281;284;14.62;13.45
25/01/05;1;2:17;2.17;108;16.43;16.90;281;284;14.65;13.51
25/01/05;1;2:18;2.18;109;16.44;16.88;281;284;14.61;13.46
25/01/05;1;2:19;2.19;110;16.41;16.90;281;284;14.64;13.42
25/01/05;1;2:20;2.20;111;16.38;16.91;281;284;14.59;13.38
25/01/05;1;2:21;2.21;112;16.43;16.89;281;284;14.64;13.40
25/01/05;1;2:22;2.22;113;16.45;16.89;281;284;14.63;13.37
25/01/05;1;2:23;2.23;114;16.41;16.86;281;284;14.63;13.41
25/01/05;1;2:24;2.24;115;16.43;16.89;281;284;14.63;13.42
25/01/05;1;2:25;2.25;116;16.36;16.90;281;284;14.59;13.40
25/01/05;1;2:26;2.26;117;16.42;16.90;281;284;14.62;13.41
25/01/05;1;2:27;2.27;118;16.42;16.90;281;284;14.60;13.49
25/01/05;1;2:28;2.28;119;16.42;16.87;281;284;14.64;13.39
25/01/05;1;2:29;2.29;120;16.41;16.89;281;284;14.62;13.40
25/01/05;1;2:30;2.30;121;16.35;16.88;281;284;14.60;13.47
25/01/05;1;2:31;2.31;122;16.42;16.88;281;284;14.66;13.34
25/01/05;1;2:32;2.32;123;16.39;16.88;281;284;14.63;13.45
25/01/05;1;2:33;2.33;124;16.42;16.86;281;284;14.64;13.44
25/01/05;1;2:34;2.34;125;16.43;16.88;281;284;14.64;13.48
25/01/05;1;2:35;2.35;126;16.35;16.89;281;284;14.65;13.52
25/01/05;1;2:36;2.36;127;16.42;16.88;281;284;14.64;13.44
25/01/05;1;2:37;2.37;128;16.43;16.89;281;284;14.63;13.46
25/01/05;1;2:38;2.38;129;16.43;16.80;281;284;14.66;13.44
25/01/05;1;2:39;2.39;130;16.37;16.90;281;283;14.64;13.43
25/01/05;1;2:40;2.40;131;16.41;16.79;281;284;14.62;13.51
25/01/05;1;2:41;2.41;132;16.57;16.86;281;284;14.64;13.40
25/01/05;1;2:42;2.42;133;16.68;16.86;281;284;14.60;13.41
25/01/05;1;2:43;2.43;134;16.81;16.85;281;284;14.59;13.36
25/01/05;1;2:44;2.44;135;16.89;16.80;281;284;14.64;13.38
25/01/05;1;2:45;2.45;136;16.86;16.81;281;284;14.65;13.50
25/01/05;1;2:46;2.46;137;16.98;16.88;282;284;14.63;13.41
25/01/05;1;2:47;2.47;138;17.00;16.81;281;284;14.64;13.48
25/01/05;1;2:48;2.48;139;16.99;16.85;281;284;14.66;13.40
25/01/05;1;2:49;2.49;140;17.03;16.79;281;284;14.65;13.45
25/01/05;1;2:50;2.50;141;16.99;16.78;281;284;14.68;13.45
25/01/05;1;2:51;2.51;142;17.04;16.84;281;284;14.63;13.40
25/01/05;1;2:52;2.52;143;17.07;16.80;282;283;14.62;13.45
25/01/05;1;2:53;2.53;144;17.07;16.82;282;284;14.65;13.45
25/01/05;1;2:54;2.54;145;17.11;16.85;282;284;14.63;13.45
25/01/05;1;2:55;2.55;146;17.05;16.79;281;284;14.66;13.43
25/01/05;1;2:56;2.56;147;17.12;16.85;282;284;14.63;13.42
25/01/05;1;2:57;2.57;148;17.11;16.79;281;284;14.65;13.45
25/01/05;1;2:58;2.58;149;17.11;16.76;281;284;14.66;13.44
25/01/05;1;2:59;2.59;150;17.12;16.84;281;284;14.68;13.40
25/01/05;1;3:00;3.00;151;17.08;16.86;282;283;14.63;13.51
25/01/05;1;3:01;3.01;152;17.08;16.85;281;283;14.63;13.41
25/01/05;1;3:02;3.02;153;16.93;16.95;281;284;14.61;13.43
25/01/05;1;3:03;3.03;154;16.82;17.02;281;284;14.61;13.50
25/01/05;1;3:04;3.04;155;16.73;17.18;281;284;14.64;13.45
25/01/05;1;3:05;3.05;156;16.67;17.22;281;284;14.63;13.37
25/01/05;1;3:06;3.06;157;16.67;17.23;281;284;14.67;13.52
25/01/05;1;3:07;3.07;158;16.64;17.23;281;284;14.62;13.42
25/01/05;1;3:08;3.08;159;16.62;17.14;281;284;14.60;13.43
25/01/05;1;3:09;3.09;160;16.58;17.23;281;284;14.58;13.39
25/01/05;1;3:10;3.10;161;16.55;17.22;281;284;14.65;13.41
25/01/05;1;3:11;3.11;162;16.56;17.25;281;284;14.64;13.38
25/01/05;1;3:12;3.12;163;16.53;17.25;281;284;14.63;13.41
25/01/05;1;3:13;3.13;164;16.53;17.24;281;284;14.64;13.42
25/01/05;1;3:14;3.14;165;16.52;17.25;281;284;14.62;13.41
25/01/05;1;3:15;3.15;166;16.47;17.27;281;284;14.61;13.38
25/01/05;1;3:16;3.16;167;16.51;17.19;281;284;14.65;13.44
25/01/05;1;3:17;3.17;168;16.51;17.25;281;284;14.63;13.36
25/01/05;1;3:18;3.18;169;16.50;17.26;281;284;14.62;13.43
25/01/05;1;3:19;3.19;170;16.50;17.26;281;284;14.65;13.46
25/01/05;1;3:20;3.20;171;16.41;17.26;281;284;14.62;13.39
25/01/05;1;3:21;3.21;172;16.49;17.18;281;284;14.65;13.37
25/01/05;1;3:22;3.22;173;16.47;17.17;281;284;14.59;13.40
25/01/05;1;3:23;3.23;174;16.47;17.03;281;284;14.64;13.40
25/01/05;1;3:24;3.24;175;16.46;16.96;281;284;14.67;13.43
25/01/05;1;3:25;3.25;176;16.38;16.94;281;284;14.61;13.38
25/01/05;1;3:26;3.26;177;16.46;16.97;281;284;14.63;13.37
25/01/05;1;3:27;3.27;178;16.44;16.87;281;284;14.62;13.45
25/01/05;1;3:28;3.28;179;16.44;16.85;281;284;14.62;13.49
25/01/05;1;3:29;3.29;180;16.45;16.82;281;284;14.61;13.51
25/01/05;1;3:30;3.30;181;16.36;16.87;281;283;14.63;13.45
25/01/05;1;3:31;3.31;182;16.44;16.87;281;284;14.65;13.40
25/01/05;1;3:32;3.32;183;16.44;16.81;281;284;14.60;13.40
25/01/05;1;3:33;3.33;184;16.43;16.79;281;284;14.65;13.45
25/01/05;1;3:34;3.34;185;16.45;16.81;281;284;14.61;13.41
25/01/05;1;3:35;3.35;186;16.39;16.80;281;284;14.62;13.44
25/01/05;1;3:36;3.36;187;16.44;16.78;281;284;14.64;13.42
25/01/05;1;3:37;3.37;188;16.42;16.80;281;284;14.63;13.43
25/01/05;1;3:38;3.38;189;16.45;16.78;281;284;14.62;13.50
25/01/05;1;3:39;3.39;190;16.44;16.77;281;284;14.61;13.47
25/01/05;1;3:40;3.40;191;16.35;16.75;281;283;14.67;13.40
25/01/05;1;3:41;3.41;192;16.40;16.77;281;283;14.60;13.40
25/01/05;1;3:42;3.42;193;16.41;16.76;281;284;14.61;13.47
25/01/05;1;3:43;3.43;194;16.43;16.75;281;284;14.60;13.39
25/01/05;1;3:44;3.44;195;16.44;16.76;281;283;14.61;13.44
25/01/05;1;3:45;3.45;196;16.35;16.78;281;284;14.63;13.42
25/01/05;1;3:46;3.46;197;16.38;16.76;281;284;14.62;13.42
25/01/05;1;3:47;3.47;198;16.41;16.75;281;283;14.64;13.48
25/01/05;1;3:48;3.48;199;16.40;16.74;281;284;14.65;13.44
25/01/05;1;3:49;3.49;200;16.41;16.74;281;283;14.63;13.48
25/01/05;1;3:50;3.50;201;16.32;16.73;281;283;14.61;13.40
25/01/05;1;3:51;3.51;202;16.39;16.80;281;283;14.65;13.44
25/01/05;1;3:52;3.52;203;16.37;16.79;281;284;14.64;13.44
25/01/05;1;3:53;3.53;204;16.40;16.72;281;284;14.59;13.45
25/01/05;1;3:54;3.54;205;16.38;16.79;281;284;14.62;13.49
25/01/05;1;3:55;3.55;206;16.30;16.74;281;284;14.62;13.43
25/01/05;1;3:56;3.56;207;16.37;16.72;281;284;14.64;13.44
25/01/05;1;3:57;3.57;208;16.38;16.80;281;284;14.65;13.44
25/01/05;1;3:58;3.58;209;16.37;16.69;281;284;14.66;13.40
25/01/05;1;3:59;3.59;210;16.35;16.78;281;284;14.65;13.52
25/01/05;1;4:00;4.00;211;16.34;16.77;281;283;14.62;13.45
25/01/05;1;4:01;4.01;212;16.37;16.71;281;283;14.61;13.44
25/01/05;1;4:02;4.02;213;16.37;16.77;281;284;14.64;13.45
25/01/05;1;4:03;4.03;214;16.38;16.71;281;284;14.63;13.40
25/01/05;1;4:04;4.04;215;16.35;16.74;281;284;14.63;13.43
25/01/05;1;4:05;4.05;216;16.29;16.71;281;284;14.61;13.42
25/01/05;1;4:06;4.06;217;16.39;16.72;281;284;14.64;13.49
25/01/05;1;4:07;4.07;218;16.38;16.73;281;284;14.59;13.46
25/01/05;1;4:08;4.08;219;16.35;16.71;281;284;14.62;13.50
25/01/05;1;4:09;4.09;220;16.36;16.71;281;284;14.60;13.47
25/01/05;1;4:10;4.10;221;16.33;16.69;281;284;14.60;13.39
25/01/05;1;4:11;4.11;222;16.37;16.70;281;283;14.64;13.46
25/01/05;1;4:12;4.12;223;16.39;16.71;281;283;14.67;13.48
25/01/05;1;4:13;4.13;224;16.37;16.68;281;284;14.64;13.42
25/01/05;1;4:14;4.14;225;16.38;16.72;281;284;14.63;13.44
25/01/05;1;4:15;4.15;226;16.29;16.71;281;284;14.63;13.45
25/01/05;1;4:16;4.16;227;16.39;16.70;281;284;14.62;13.44
25/01/05;1;4:17;4.17;228;16.34;16.76;281;284;14.61;13.46
25/01/05;1;4:18;4.18;229;16.38;16.68;281;284;14.64;13.44
25/01/05;1;4:19;4.19;230;16.37;16.76;281;284;14.65;13.44
25/01/05;1;4:20;4.20;231;16.33;16.70;281;284;14.63;13.44
25/01/05;1;4:21;4.21;232;16.55;16.69;281;284;14.59;13.39
25/01/05;1;4:22;4.22;233;16.74;16.68;281;284;14.62;13.43
25/01/05;1;4:23;4.23;234;16.80;16.67;281;284;14.65;13.51
25/01/05;1;4:24;4.24;235;16.82;16.67;282;284;14.58;13.48
25/01/05;1;4:25;4.25;236;16.79;16.70;282;284;14.61;13.45
25/01/05;1;4:26;4.26;237;16.90;16.69;282;284;14.58;13.43
25/01/05;1;4:27;4.27;238;16.90;16.69;282;284;14.62;13.45
25/01/05;1;4:28;4.28;239;16.92;16.66;282;283;14.60;13.47
25/01/05;1;4:29;4.29;240;16.97;16.68;282;284;14.63;13.40
25/01/05;1;4:30;4.30;241;16.86;16.72;281;284;14.63;13.47
25/01/05;1;4:31;4.31;242;16.98;16.67;282;284;14.61;13.39
25/01/05;1;4:32;4.32;243;16.98;16.67;282;283;14.62;13.43
25/01/05;1;4:33;4.33;244;17.00;16.66;282;283;14.65;13.44
25/01/05;1;4:34;4.34;245;17.00;16.67;282;284;14.65;13.43
25/01/05;1;4:35;4.35;246;16.93;16.74;282;284;14.62;13.40
25/01/05;1;4:36;4.36;247;17.01;16.68;282;284;14.65;13.47
25/01/05;1;4:37;4.37;248;17.01;16.69;282;284;14.67;13.45
25/01/05;1;4:38;4.38;249;17.03;16.67;282;284;14.65;13.43
25/01/05;1;4:39;4.39;250;17.02;16.68;282;284;14.66;13.48
25/01/05;1;4:40;4.40;251;16.97;16.73;282;283;14.60;13.43
25/01/05;1;4:41;4.41;252;17.05;16.81;282;283;14.66;13.51
25/01/05;1;4:42;4.42;253;17.07;16.96;282;283;14.63;13.45
25/01/05;1;4:43;4.43;254;16.93;17.03;281;284;14.67;13.44
25/01/05;1;4:44;4.44;255;16.82;17.06;281;284;14.63;13.42
25/01/05;1;4:45;4.45;256;16.66;17.08;281;284;14.58;13.46
25/01/05;1;4:46;4.46;257;16.69;17.09;281;284;14.61;13.47
25/01/05;1;4:47;4.47;258;16.64;17.09;281;284;14.62;13.47
25/01/05;1;4:48;4.48;259;16.58;17.06;281;284;14.61;13.45
25/01/05;1;4:49;4.49;260;16.57;17.07;281;284;14.60;13.52
25/01/05;1;4:50;4.50;261;16.49;17.10;281;284;14.64;13.45
25/01/05;1;4:51;4.51;262;16.52;17.12;281;284;14.64;13.46
25/01/05;1;4:52;4.52;263;16.51;17.12;281;284;14.62;13.46
25/01/05;1;4:53;4.53;264;16.52;17.10;281;284;14.62;13.45
25/01/05;1;4:54;4.54;265;16.49;17.13;281;284;14.64;13.46
25/01/05;1;4:55;4.55;266;16.39;17.12;281;284;14.61;13.46
25/01/05;1;4:56;4.56;267;16.46;17.13;281;284;14.61;13.52
25/01/05;1;4:57;4.57;268;16.47;17.13;281;284;14.64;13.49
25/01/05;1;4:58;4.58;269;16.44;17.11;281;284;14.67;13.42
25/01/05;1;4:59;4.59;270;16.45;17.12;281;284;14.61;13.45
25/01/05;1;5:00;5.00;271;16.40;17.19;281;284;14.62;13.47
25/01/05;1;5:01;5.01;272;16.44;17.14;281;284;14.63;13.47
25/01/05;1;5:02;5.02;273;16.42;17.11;281;284;14.60;13.44
25/01/05;1;5:03;5.03;274;16.43;17.10;281;284;14.63;13.48
25/01/05;1;5:04;5.04;275;16.43;17.04;281;284;14.62;13.43
25/01/05;1;5:05;5.05;276;16.37;16.95;281;284;14.66;13.50
25/01/05;1;5:06;5.06;277;16.41;16.90;281;284;14.62;13.42
25/01/05;1;5:07;5.07;278;16.38;16.84;281;284;14.61;13.47
25/01/05;1;5:08;5.08;279;16.40;16.79;281;284;14.62;13.46
25/01/05;1;5:09;5.09;280;16.41;16.79;281;284;14.64;13.41
25/01/05;1;5:10;5.10;281;16.32;16.78;281;284;14.59;13.43
25/01/05;1;5:11;5.11;282;16.40;16.76;281;284;14.64;13.44
25/01/05;1;5:12;5.12;283;16.40;16.77;281;284;14.60;13.47
25/01/05;1;5:13;5.13;284;16.40;16.74;281;284;14.59;13.44
25/01/05;1;5:14;5.14;285;16.41;16.75;281;284;14.60;13.42
25/01/05;1;5:15;5.15;286;16.31;16.74;281;284;14.58;13.50
25/01/05;1;5:16;5.16;287;16.41;16.72;281;284;14.59;13.44
25/01/05;1;5:17;5.17;288;16.40;16.71;281;284;14.61;13.49
25/01/05;1;5:18;5.18;289;16.37;16.70;281;284;14.60;13.44
25/01/05;1;5:19;5.19;290;16.29;16.78;281;283;14.59;13.44
25/01/05;1;5:20;5.20;291;16.30;16.72;281;284;14.61;13.45
25/01/05;1;5:21;5.21;292;16.37;16.71;281;284;14.62;13.43
25/01/05;1;5:22;5.22;293;16.37;16.72;281;284;14.61;13.46
25/01/05;1;5:23;5.23;294;16.37;16.70;281;284;14.61;13.41
25/01/05;1;5:24;5.24;295;16.35;16.70;281;284;14.58;13.47
25/01/05;1;5:25;5.25;296;16.29;16.69;281;284;14.60;13.42
25/01/05;1;5:26;5.26;297;16.34;16.68;281;283;14.59;13.49
25/01/05;1;5:27;5.27;298;16.34;16.68;281;283;14.63;13.48
25/01/05;1;5:28;5.28;299;16.35;16.67;281;283;14.58;13.47
25/01/05;1;5:29;5.29;300;16.37;16.69;281;284;14.62;13.50
25/01/05;1;5:30;5.30;301;16.28;16.72;281;284;14.60;13.46
26/01/05;2;10:05;10.05;1;15.69;16.70;285;287;14.22;13.01
26/01/05;2;10:06;10.06;2;15.75;16.72;285;287;14.13;13.07
26/01/05;2;10:07;10.07;3;15.72;16.76;285;287;14.18;13.05
26/01/05;2;10:08;10.08;4;15.75;16.81;285;287;14.19;13.08
26/01/05;2;10:09;10.09;5;15.76;16.58;285;287;14.20;13.03
26/01/05;2;10:10;10.10;6;15.74;16.84;285;287;14.18;13.03
26/01/05;2;10:11;10.11;7;15.76;16.85;285;287;14.19;13.13
26/01/05;2;10:12;10.12;8;15.77;16.86;285;287;14.18;13.07
26/01/05;2;10:13;10.13;9;15.77;16.61;285;287;14.18;13.02
26/01/05;2;10:14;10.14;10;15.73;16.78;285;287;14.23;13.09
26/01/05;2;10:15;10.15;11;15.62;16.55;285;287;14.20;13.09
26/01/05;2;10:16;10.16;12;15.70;16.76;285;287;14.18;13.04
26/01/05;2;10:17;10.17;13;15.72;16.78;285;287;14.23;13.09
26/01/05;2;10:18;10.18;14;15.72;16.62;285;288;14.18;13.07
26/01/05;2;10:19;10.19;15;15.70;16.80;285;287;14.21;13.12
26/01/05;2;10:20;10.20;16;15.68;16.80;285;287;14.21;13.06
26/01/05;2;10:21;10.21;17;15.70;16.83;285;287;14.22;13.06
26/01/05;2;10:22;10.22;18;15.72;16.86;285;287;14.18;13.11
26/01/05;2;10:23;10.23;19;15.72;16.87;285;288;14.22;13.10
26/01/05;2;10:24;10.24;20;15.73;16.96;286;288;14.22;13.09
26/01/05;2;10:25;10.25;21;15.67;16.73;285;288;14.20;13.03
26/01/05;2;10:26;10.26;22;15.71;16.72;285;288;14.20;13.14
26/01/05;2;10:27;10.27;23;15.84;17.07;285;287;14.15;13.10
26/01/05;2;10:28;10.28;24;15.73;16.74;286;288;14.20;13.10
26/01/05;2;10:29;10.29;25;15.87;16.91;285;288;14.23;13.08
26/01/05;2;10:30;10.30;26;15.71;16.82;286;288;14.23;13.09
26/01/05;2;10:31;10.31;27;15.78;16.84;286;288;14.23;13.06
26/01/05;2;10:32;10.32;28;15.77;17.01;286;288;14.25;13.13
26/01/05;2;10:33;10.33;29;15.77;16.80;285;288;14.23;13.09
26/01/05;2;10:34;10.34;30;15.77;16.99;286;288;14.22;13.11
26/01/05;2;10:35;10.35;31;15.73;16.85;285;287;14.22;12.98
26/01/05;2;10:36;10.36;32;15.75;16.87;286;288;14.22;13.06
26/01/05;2;10:37;10.37;33;15.76;16.90;286;288;14.30;13.13
26/01/05;2;10:38;10.38;34;15.79;16.89;285;288;14.26;13.15
26/01/05;2;10:39;10.39;35;15.76;17.10;285;288;14.17;13.10
26/01/05;2;10:40;10.40;36;15.79;17.17;285;287;14.25;13.12
26/01/05;2;10:41;10.41;37;15.80;16.97;286;288;14.25;13.07
26/01/05;2;10:42;10.42;38;15.90;17.22;286;288;14.24;13.05
26/01/05;2;10:43;10.43;39;15.98;17.22;285;288;14.24;13.06
26/01/05;2;10:44;10.44;40;15.95;17.20;286;288;14.26;13.05
26/01/05;2;10:45;10.45;41;16.01;17.27;285;288;14.24;13.01
26/01/05;2;10:46;10.46;42;16.00;17.08;286;288;14.23;13.13
26/01/05;2;10:47;10.47;43;16.03;17.22;285;288;14.26;13.07
26/01/05;2;10:48;10.48;44;16.08;17.27;286;288;14.23;13.06
26/01/05;2;10:49;10.49;45;16.05;17.25;286;288;14.22;13.05
26/01/05;2;10:50;10.50;46;15.99;17.28;286;288;14.22;13.06
26/01/05;2;10:51;10.51;47;16.07;17.15;286;288;14.23;13.09
26/01/05;2;10:52;10.52;48;16.13;17.37;286;288;14.28;13.05
26/01/05;2;10:53;10.53;49;16.11;17.31;286;288;14.25;13.12
26/01/05;2;10:54;10.54;50;16.10;17.33;286;288;14.26;13.06
26/01/05;2;10:55;10.55;51;16.06;17.41;286;288;14.22;13.06
26/01/05;2;10:56;10.56;52;16.18;17.44;286;288;14.25;13.08
26/01/05;2;10:57;10.57;53;16.17;17.43;286;288;14.25;13.19
26/01/05;2;10:58;10.58;54;16.16;17.41;286;288;14.27;13.14
26/01/05;2;10:59;10.59;55;16.12;17.34;286;288;14.25;13.08
26/01/05;2;11:00;11.00;56;16.18;17.38;286;288;14.22;13.10
26/01/05;2;11:01;11.01;57;16.09;17.33;286;288;14.22;13.09
26/01/05;2;11:02;11.02;58;16.10;17.45;286;288;14.20;13.15
26/01/05;2;11:03;11.03;59;16.10;17.47;286;288;14.24;13.12
26/01/05;2;11:04;11.04;60;16.03;17.48;286;288;14.26;13.10
26/01/05;2;11:05;11.05;61;15.98;17.38;286;288;14.31;13.07
26/01/05;2;11:06;11.06;62;16.04;17.58;286;288;14.22;13.12
26/01/05;2;11:07;11.07;63;16.03;17.61;286;288;14.27;13.03
26/01/05;2;11:08;11.08;64;15.99;17.57;286;288;14.22;13.11
26/01/05;2;11:09;11.09;65;16.01;17.66;286;288;14.30;13.08
26/01/05;2;11:10;11.10;66;15.98;17.69;286;288;14.28;13.10
26/01/05;2;11:11;11.11;67;15.96;17.64;286;288;14.30;13.07
26/01/05;2;11:12;11.12;68;16.01;17.71;286;288;14.26;13.09
26/01/05;2;11:13;11.13;69;15.97;17.63;286;288;14.29;13.09
26/01/05;2;11:14;11.14;70;16.00;17.67;286;288;14.26;13.07
26/01/05;2;11:15;11.15;71;15.91;17.65;286;288;14.25;13.07
26/01/05;2;11:16;11.16;72;15.99;17.52;286;288;14.30;13.07
26/01/05;2;11:17;11.17;73;16.04;17.69;286;288;14.24;13.13
26/01/05;2;11:18;11.18;74;16.01;17.58;286;288;14.25;13.10
26/01/05;2;11:19;11.19;75;16.01;17.72;286;288;14.26;13.19
26/01/05;2;11:20;11.20;76;15.89;17.59;286;288;14.27;13.18
26/01/05;2;11:21;11.21;77;15.99;17.57;286;288;14.27;13.16
26/01/05;2;11:22;11.22;78;15.99;17.54;286;288;14.27;13.14
26/01/05;2;11:23;11.23;79;15.98;17.51;286;288;14.32;13.17
26/01/05;2;11:24;11.24;80;15.98;17.61;286;288;14.32;13.12
26/01/05;2;11:25;11.25;81;15.92;17.48;286;288;14.32;13.12
26/01/05;2;11:26;11.26;82;16.02;17.47;286;288;14.27;13.14
26/01/05;2;11:27;11.27;83;15.99;17.48;286;288;14.33;13.21
26/01/05;2;11:28;11.28;84;15.99;17.49;286;288;14.35;13.11
26/01/05;2;11:29;11.29;85;16.00;17.62;286;288;14.28;13.17
26/01/05;2;11:30;11.30;86;16.01;17.70;286;288;14.28;13.14
26/01/05;2;11:31;11.31;87;16.05;17.57;286;288;14.33;13.16
26/01/05;2;11:32;11.32;88;16.03;17.67;286;288;14.33;13.12
26/01/05;2;11:33;11.33;89;16.01;17.50;286;288;14.31;13.10
26/01/05;2;11:34;11.34;90;16.03;17.62;286;288;14.36;13.14
26/01/05;2;11:35;11.35;91;16.02;17.65;286;288;14.26;13.10
26/01/05;2;11:36;11.36;92;16.03;17.63;286;288;14.29;13.10
26/01/05;2;11:37;11.37;93;16.05;17.69;286;288;14.31;13.06
26/01/05;2;11:38;11.38;94;16.05;17.68;286;288;14.30;13.16
26/01/05;2;11:39;11.39;95;16.07;17.70;286;288;14.32;13.12
26/01/05;2;11:40;11.40;96;15.96;17.65;286;288;14.32;13.13
26/01/05;2;11:41;11.41;97;16.02;17.66;286;288;14.31;13.18
26/01/05;2;11:42;11.42;98;16.04;17.67;286;288;14.31;13.13
26/01/05;2;11:43;11.43;99;16.06;17.68;286;288;14.32;13.10
26/01/05;2;11:44;11.44;100;16.10;17.74;286;288;14.26;13.15
26/01/05;2;11:45;11.45;101;16.04;17.74;286;288;14.32;13.12
26/01/05;2;11:46;11.46;102;16.13;17.75;286;288;14.30;13.10
26/01/05;2;11:47;11.47;103;16.07;17.70;286;288;14.34;13.16
26/01/05;2;11:48;11.48;104;16.08;17.69;286;288;14.31;13.15
26/01/05;2;11:49;11.49;105;16.10;17.74;286;288;14.30;13.10
26/01/05;2;11:50;11.50;106;16.04;17.72;286;288;14.34;13.12
26/01/05;2;12:30;12.30;107;16.16;17.85;286;288;14.46;13.18
26/01/05;2;12:31;12.31;108;16.18;17.83;286;288;14.47;13.23
26/01/05;2;12:32;12.32;109;16.20;17.87;286;288;14.48;13.22
26/01/05;2;12:33;12.33;110;16.15;17.78;286;288;14.48;13.21
26/01/05;2;12:34;12.34;111;16.15;17.70;286;288;14.52;13.20
26/01/05;2;12:35;12.35;112;16.15;17.82;286;288;14.50;13.20
26/01/05;2;12:36;12.36;113;16.19;17.83;286;288;14.54;13.19
26/01/05;2;12:37;12.37;114;16.16;17.81;286;288;14.50;13.22
26/01/05;2;12:38;12.38;115;16.20;17.81;286;288;14.50;13.21
26/01/05;2;12:39;12.39;116;16.19;17.85;286;288;14.48;13.25
26/01/05;2;12:40;12.40;117;16.11;17.81;286;288;14.49;13.19
26/01/05;2;12:41;12.41;118;16.19;17.84;286;288;14.56;13.20
26/01/05;2;12:42;12.42;119;16.17;17.84;286;288;14.52;13.20
26/01/05;2;12:43;12.43;120;16.17;17.81;286;288;14.55;13.25
26/01/05;2;12:44;12.44;121;16.19;17.83;286;288;14.53;13.20
26/01/05;2;12:45;12.45;122;16.15;17.86;286;288;14.51;13.22
26/01/05;2;12:46;12.46;123;16.20;17.86;286;288;14.61;13.24
26/01/05;2;12:47;12.47;124;16.25;17.85;286;288;14.54;13.22
26/01/05;2;12:48;12.48;125;16.24;17.83;286;288;14.57;13.26
26/01/05;2;12:49;12.49;126;16.20;17.84;286;288;14.52;13.24
26/01/05;2;12:50;12.50;127;16.15;17.76;286;288;14.59;13.25
26/01/05;2;12:51;12.51;128;16.18;17.77;286;288;14.53;13.25
26/01/05;2;12:52;12.52;129;16.23;17.85;286;288;14.55;13.26
26/01/05;2;12:53;12.53;130;16.26;17.87;286;288;14.53;13.21
26/01/05;2;12:54;12.54;131;16.23;17.88;286;288;14.53;13.24
26/01/05;2;12:55;12.55;132;16.23;17.91;286;288;14.51;13.25
26/01/05;2;12:56;12.56;133;16.28;17.91;286;288;14.55;13.33
26/01/05;2;12:57;12.57;134;16.23;17.87;286;288;14.54;13.29
26/01/05;2;12:58;12.58;135;16.20;17.88;286;288;14.57;13.30
26/01/05;2;12:59;12.59;136;16.22;17.88;286;288;14.62;13.34
26/01/05;2;1:00;1.00;137;16.24;17.90;286;288;14.58;13.34
26/01/05;2;1:01;1.01;138;16.19;17.85;286;288;14.56;13.29
26/01/05;2;1:02;1.02;139;16.20;17.85;286;288;14.60;13.30
26/01/05;2;1:03;1.03;140;16.19;17.76;286;288;14.58;13.30
26/01/05;2;1:04;1.04;141;16.20;17.88;286;288;14.61;13.28
26/01/05;2;1:05;1.05;142;16.16;17.81;286;288;14.57;13.34
26/01/05;2;1:06;1.06;143;16.27;17.77;286;288;14.60;13.29
26/01/05;2;1:07;1.07;144;16.38;17.83;286;288;14.59;13.27
26/01/05;2;1:08;1.08;145;16.42;17.87;286;288;14.56;13.29
26/01/05;2;1:09;1.09;146;16.48;17.89;286;288;14.59;13.28
26/01/05;2;1:10;1.10;147;16.47;17.91;286;288;14.55;13.31
26/01/05;2;1:11;1.11;148;16.57;17.89;286;288;14.62;13.31
26/01/05;2;1:12;1.12;149;16.53;17.84;286;288;14.56;13.31
26/01/05;2;1:13;1.13;150;16.54;17.78;286;288;14.63;13.29
26/01/05;2;1:14;1.14;151;16.57;17.81;286;288;14.62;13.31
26/01/05;2;1:15;1.15;152;16.59;17.90;287;288;14.62;13.32
26/01/05;2;1:16;1.16;153;16.64;17.88;287;288;14.62;13.30
26/01/05;2;1:17;1.17;154;16.63;17.78;286;288;14.60;13.36
26/01/05;2;1:18;1.18;155;16.61;17.85;286;288;14.63;13.41
26/01/05;2;1:19;1.19;156;16.64;17.90;286;288;14.64;13.36
26/01/05;2;1:20;1.20;157;16.63;17.90;286;288;14.65;13.40
26/01/05;2;1:21;1.21;158;16.66;17.86;286;288;14.63;13.36
26/01/05;2;1:22;1.22;159;16.64;17.88;286;288;14.64;13.36
26/01/05;2;1:23;1.23;160;16.62;17.85;286;288;14.66;13.42
26/01/05;2;1:24;1.24;161;16.67;17.87;286;288;14.66;13.38
26/01/05;2;1:25;1.25;162;16.55;17.90;286;288;14.64;13.42
26/01/05;2;1:26;1.26;163;16.53;17.84;286;288;14.68;13.39
26/01/05;2;1:27;1.27;164;16.51;17.97;286;288;14.67;13.41
26/01/05;2;1:28;1.28;165;16.45;17.98;286;288;14.66;13.35
26/01/05;2;1:29;1.29;166;16.45;18.03;287;288;14.59;13.36
26/01/05;2;1:30;1.30;167;16.50;18.09;286;288;14.66;13.40
26/01/05;2;1:31;1.31;168;16.56;18.12;286;288;14.66;13.36
26/01/05;2;1:32;1.32;169;16.46;18.09;287;288;14.56;13.41
26/01/05;2;1:33;1.33;170;16.46;18.12;286;288;14.57;13.44
26/01/05;2;1:34;1.34;171;16.46;18.14;286;288;14.64;13.45
26/01/05;2;1:35;1.35;172;16.40;18.16;286;288;14.62;13.40
26/01/05;2;1:36;1.36;173;16.40;18.13;286;288;14.67;13.38
26/01/05;2;1:37;1.37;174;16.38;18.13;286;288;14.62;13.38
26/01/05;2;1:38;1.38;175;16.41;18.12;286;288;14.61;13.46
26/01/05;2;1:39;1.39;176;16.40;18.14;286;288;14.67;13.37
26/01/05;2;1:40;1.40;177;16.33;18.15;286;288;14.61;13.35
26/01/05;2;1:41;1.41;178;16.37;18.15;286;288;14.61;13.37
26/01/05;2;1:42;1.42;179;16.36;18.12;286;288;14.68;13.38
26/01/05;2;1:43;1.43;180;16.34;18.12;286;288;14.67;13.36
26/01/05;2;1:44;1.44;181;16.36;18.13;287;288;14.66;13.34
26/01/05;2;1:45;1.45;182;16.32;18.12;287;288;14.68;13.41
26/01/05;2;1:46;1.46;183;16.36;18.05;287;288;14.66;13.39
26/01/05;2;1:47;1.47;184;16.37;18.00;286;288;14.67;13.48
26/01/05;2;1:48;1.48;185;16.30;17.96;287;288;14.68;13.38
26/01/05;2;1:49;1.49;186;16.32;18.00;286;288;14.63;13.43
26/01/05;2;1:50;1.50;187;16.27;17.99;287;288;14.67;13.44
26/01/05;2;1:51;1.51;188;16.34;18.01;286;288;14.65;13.45
26/01/05;2;1:52;1.52;189;16.35;18.01;287;288;14.66;13.42
26/01/05;2;1:53;1.53;190;16.33;17.98;287;289;14.66;13.45
26/01/05;2;1:54;1.54;191;16.37;17.99;287;289;14.68;13.40
26/01/05;2;1:55;1.55;192;16.29;17.97;287;288;14.63;13.44
26/01/05;2;1:56;1.56;193;16.36;17.96;287;288;14.65;13.42
26/01/05;2;1:57;1.57;194;16.36;17.95;287;289;14.66;13.42
26/01/05;2;1:58;1.58;195;16.32;17.92;287;289;14.66;13.45
26/01/05;2;1:59;1.59;196;16.34;17.93;287;288;14.62;13.46
26/01/05;2;2:00;2.00;197;16.34;17.97;287;288;14.68;13.47
26/01/05;2;2:01;2.01;198;16.34;17.91;286;288;14.69;13.44
26/01/05;2;2:02;2.02;199;16.35;17.91;286;288;14.71;13.46
26/01/05;2;2:03;2.03;200;16.31;17.89;286;288;14.62;13.46
26/01/05;2;2:04;2.04;201;16.32;17.91;287;288;14.65;13.42
26/01/05;2;2:05;2.05;202;16.29;17.90;286;288;14.69;13.49
26/01/05;2;2:06;2.06;203;16.32;17.91;287;288;14.64;13.46
26/01/05;2;2:07;2.07;204;16.35;17.92;286;288;14.62;13.43
26/01/05;2;2:08;2.08;205;16.32;17.90;287;288;14.68;13.39
26/01/05;2;2:09;2.09;206;16.32;17.95;287;288;14.68;13.39
26/01/05;2;2:10;2.10;207;16.29;17.92;287;289;14.68;13.42
26/01/05;2;2:11;2.11;208;16.34;17.93;287;288;14.67;13.44
26/01/05;2;2:12;2.12;209;16.35;17.93;286;289;14.70;13.43
26/01/05;2;2:13;2.13;210;16.33;17.90;286;289;14.69;13.45
26/01/05;2;2:14;2.14;211;16.34;17.90;286;288;14.67;13.44
26/01/05;2;2:15;2.15;212;16.25;17.90;286;288;14.73;13.47
26/01/05;2;2:16;2.16;213;16.33;17.90;286;288;14.69;13.45
26/01/05;2;2:17;2.17;214;16.33;17.92;287;288;14.71;13.44
26/01/05;2;2:18;2.18;215;16.33;17.92;287;289;14.66;13.45
26/01/05;2;2:19;2.19;216;16.33;17.93;287;289;14.69;13.46
26/01/05;2;2:20;2.20;217;16.28;17.93;287;289;14.68;13.43
26/01/05;2;2:21;2.21;218;16.32;17.91;287;289;14.72;13.47
26/01/05;2;2:22;2.22;219;16.32;17.92;287;288;14.68;13.48
26/01/05;2;2:23;2.23;220;16.30;17.89;286;289;14.64;13.47
26/01/05;2;2:24;2.24;221;16.33;17.92;286;289;14.68;13.45
26/01/05;2;2:25;2.25;222;16.26;17.90;286;289;14.63;13.47
26/01/05;2;2:26;2.26;223;16.31;17.91;287;288;14.64;13.47
26/01/05;2;2:27;2.27;224;16.30;17.91;286;288;14.66;13.45
26/01/05;2;2:28;2.28;225;16.28;17.89;287;288;14.68;13.46
26/01/05;2;2:29;2.29;226;16.30;17.92;287;288;14.63;13.48
26/01/05;2;2:30;2.30;227;16.27;17.91;287;289;14.65;13.42
26/01/05;2;2:31;2.31;228;16.32;17.93;286;289;14.71;13.43
26/01/05;2;2:32;2.32;229;16.31;17.94;287;289;14.67;13.42
26/01/05;2;2:33;2.33;230;16.31;17.90;287;288;14.71;13.38
26/01/05;2;2:34;2.34;231;16.34;17.94;287;289;14.67;13.42
26/01/05;2;2:35;2.35;232;16.27;17.94;287;289;14.72;13.45
26/01/05;2;2:36;2.36;233;16.33;17.94;287;289;14.65;13.45
26/01/05;2;2:37;2.37;234;16.33;17.95;286;288;14.63;13.41
26/01/05;2;2:38;2.38;235;16.31;17.91;287;288;14.63;13.42
26/01/05;2;2:39;2.39;236;16.32;17.92;287;288;14.66;13.40
26/01/05;2;2:40;2.40;237;16.26;17.81;286;289;14.69;13.45
26/01/05;2;2:41;2.41;238;16.31;17.92;286;288;14.67;13.49
26/01/05;2;2:42;2.42;239;16.30;17.90;287;288;14.71;13.46
26/01/05;2;2:43;2.43;240;16.29;17.87;286;288;14.68;13.46
26/01/05;2;2:44;2.44;241;16.29;17.91;286;288;14.63;13.45
26/01/05;2;2:45;2.45;242;16.25;17.88;287;288;14.74;13.43
26/01/05;2;2:46;2.46;243;16.29;17.88;287;288;14.66;13.44
26/01/05;2;2:47;2.47;244;16.26;17.89;286;288;14.69;13.44
26/01/05;2;2:48;2.48;245;16.28;17.86;287;289;14.70;13.47
26/01/05;2;2:49;2.49;246;16.27;17.89;286;288;14.71;13.45
26/01/05;2;2:50;2.50;247;16.23;17.88;286;289;14.61;13.44
26/01/05;2;2:51;2.51;248;16.32;17.90;286;289;14.64;13.45
26/01/05;2;2:52;2.52;249;16.52;17.87;287;288;14.71;13.41
26/01/05;2;2:53;2.53;250;16.66;17.85;287;288;14.70;13.48
26/01/05;2;2:54;2.54;251;16.74;17.89;287;289;14.63;13.41
26/01/05;2;2:55;2.55;252;16.77;17.92;287;289;14.67;13.42
26/01/05;2;2:56;2.56;253;16.83;17.91;287;289;14.67;13.45
26/01/05;2;2:57;2.57;254;16.86;17.91;287;289;14.63;13.49
26/01/05;2;2:58;2.58;255;16.87;17.89;287;289;14.70;13.49
26/01/05;2;2:59;2.59;256;16.87;17.90;287;288;14.65;13.44
26/01/05;2;3:00;3.00;257;16.89;17.92;287;288;14.66;13.45
26/01/05;2;3:01;3.01;258;16.90;17.88;287;288;14.66;13.48
26/01/05;2;3:02;3.02;259;16.93;17.89;287;288;14.73;13.44
26/01/05;2;3:03;3.03;260;16.93;17.86;287;288;14.66;13.42
26/01/05;2;3:04;3.04;261;16.95;17.88;287;288;14.65;13.41
26/01/05;2;3:05;3.05;262;16.91;17.87;287;288;14.69;13.38
26/01/05;2;3:06;3.06;263;16.97;17.87;287;288;14.61;13.45
26/01/05;2;3:07;3.07;264;17.00;17.88;287;288;14.66;13.42
26/01/05;2;3:08;3.08;265;17.00;17.87;287;289;14.69;13.43
26/01/05;2;3:09;3.09;266;17.04;17.91;287;289;14.67;13.37
26/01/05;2;3:10;3.10;267;16.97;17.88;287;289;14.62;13.46
26/01/05;2;3:11;3.11;268;17.02;17.92;287;288;14.64;13.46
26/01/05;2;3:12;3.12;269;17.00;18.01;287;289;14.64;13.48
26/01/05;2;3:13;3.13;270;16.93;18.14;287;289;14.62;13.44
26/01/05;2;3:14;3.14;271;16.81;18.21;287;289;14.67;13.50
26/01/05;2;3:15;3.15;272;16.69;18.24;287;289;14.67;13.48
26/01/05;2;3:16;3.16;273;16.67;18.16;287;289;14.64;13.49
26/01/05;2;3:17;3.17;274;16.62;18.30;287;289;14.70;13.50
26/01/05;2;3:18;3.18;275;16.63;18.25;287;289;14.70;13.42
26/01/05;2;3:19;3.19;276;16.56;18.28;287;289;14.63;13.49
26/01/05;2;3:20;3.20;277;16.53;18.31;287;289;14.63;13.44
26/01/05;2;3:21;3.21;278;16.55;18.30;287;289;14.64;13.48
26/01/05;2;3:22;3.22;279;16.50;18.31;287;289;14.61;13.48
26/01/05;2;3:23;3.23;280;16.49;18.28;287;289;14.63;13.43
26/01/05;2;3:24;3.24;281;16.50;18.30;286;289;14.61;13.49
26/01/05;2;3:25;3.25;282;16.43;18.32;287;289;14.64;13.53
26/01/05;2;3:26;3.26;283;16.45;18.31;287;289;14.64;13.45
26/01/05;2;3:27;3.27;284;16.45;18.33;287;289;14.61;13.45
26/01/05;2;3:28;3.28;285;16.44;18.28;287;289;14.62;13.41
26/01/05;2;3:29;3.29;286;16.43;18.33;287;289;14.57;13.43
26/01/05;2;3:30;3.30;287;16.38;18.31;287;289;14.58;13.47
26/01/05;2;3:31;3.31;288;16.46;18.35;287;289;14.63;13.45
26/01/05;2;3:32;3.32;289;16.44;18.32;287;289;14.63;13.44
26/01/05;2;3:33;3.33;290;16.44;18.30;287;289;14.64;13.46
26/01/05;2;3:34;3.34;291;16.43;18.21;287;289;14.64;13.45
26/01/05;2;3:35;3.35;292;16.35;18.12;286;289;14.61;13.39
26/01/05;2;3:36;3.36;293;16.40;18.10;287;289;14.66;13.49
26/01/05;2;3:37;3.37;294;16.40;18.03;287;289;14.59;13.40
26/01/05;2;3:38;3.38;295;16.40;17.97;286;289;14.61;13.41
26/01/05;2;3:39;3.39;296;16.38;17.98;286;289;14.62;13.41
26/01/05;2;3:40;3.40;297;16.35;17.96;286;289;14.61;13.47
26/01/05;2;3:41;3.41;298;16.38;17.94;286;289;14.61;13.46
26/01/05;2;3:42;3.42;299;16.39;17.94;287;289;14.53;13.42
26/01/05;2;3:43;3.43;300;16.39;17.91;287;289;14.58;13.43
26/01/05;2;3:44;3.44;301;16.36;17.93;287;289;14.56;13.42
26/01/05;2;3:45;3.45;302;16.32;17.92;286;289;14.60;13.46
26/01/05;2;3:46;3.46;303;16.37;17.92;287;289;14.57;13.39
26/01/05;2;3:47;3.47;304;16.37;17.90;286;289;14.59;13.38
26/01/05;2;3:48;3.48;305;16.37;17.90;286;288;14.59;13.47
26/01/05;2;3:49;3.49;306;16.35;17.90;287;289;14.59;13.39
26/01/05;2;3:50;3.50;307;16.32;17.91;286;289;14.56;13.42
26/01/05;2;3:51;3.51;308;16.38;17.91;287;289;14.57;13.41
26/01/05;2;3:52;3.52;309;16.37;17.89;287;289;14.58;13.45
26/01/05;2;3:53;3.53;310;16.36;17.87;287;289;14.62;13.41
26/01/05;2;3:54;3.54;311;16.35;17.91;287;289;14.61;13.44
26/01/05;2;3:55;3.55;312;16.36;17.94;287;289;14.62;13.49
26/01/05;2;3:56;3.56;313;16.37;17.93;287;289;14.61;13.39
26/01/05;2;3:57;3.57;314;16.38;17.92;287;289;14.58;13.37
26/01/05;2;3:58;3.58;315;16.37;17.90;287;289;14.59;13.42
26/01/05;2;3:59;3.59;316;16.35;17.91;287;289;14.62;13.39
26/01/05;2;4:00;4.00;317;16.31;17.87;287;289;14.61;13.39