Date (m/d/y);Day;Time;Sample;Turb 80ft (NTU);Turb 1100 ft (NTU);Difference
25/01/05;1;12:30;1;0.5;0.1;0.4
25/01/05;1;12:31;2;0.8;0.1;0.7
25/01/05;1;12:32;3;0.8;0.1;0.7
25/01/05;1;12:33;4;0.8;0.1;0.7
25/01/05;1;12:34;5;0.7;0.1;0.6
25/01/05;1;12:35;6;-0.1;0.1;-0.2
25/01/05;1;12:36;7;0.7;0.1;0.6
25/01/05;1;12:37;8;0.8;0.1;0.7
25/01/05;1;12:38;9;0.8;0.1;0.7
25/01/05;1;12:39;10;0.7;0;0.7
25/01/05;1;12:40;11;0.4;0;0.4
25/01/05;1;12:41;12;0.7;0;0.7
25/01/05;1;12:42;13;0.7;0;0.7
25/01/05;1;12:43;14;0.7;0;0.7
25/01/05;1;12:44;15;0.7;0;0.7
25/01/05;1;12:45;16;0.2;0;0.2
25/01/05;1;12:46;17;0.7;0;0.7
25/01/05;1;12:47;18;0.8;0;0.8
25/01/05;1;12:48;19;0.8;0;0.8
25/01/05;1;12:49;20;0.9;0.2;0.7
25/01/05;1;12:50;21;0.5;0.3;0.2
25/01/05;1;12:51;22;0.7;0.2;0.5
25/01/05;1;12:52;23;0.8;0.2;0.6
25/01/05;1;12:53;24;0.8;0.3;0.5
25/01/05;1;12:54;25;0.8;0;0.8
25/01/05;1;12:55;26;1.2;0;1.2
25/01/05;1;12:56;27;0.7;0;0.7
25/01/05;1;12:57;28;0.7;0;0.7
25/01/05;1;12:58;29;0.8;0;0.8
25/01/05;1;12:59;30;0.8;0.1;0.7
25/01/05;1;1:00;31;0.5;0.1;0.4
25/01/05;1;1:01;32;0.7;0.1;0.6
25/01/05;1;1:02;33;0.8;0.1;0.7
25/01/05;1;1:03;34;0.8;0.1;0.7
25/01/05;1;1:04;35;0.7;0;0.7
25/01/05;1;1:05;36;0.2;0;0.2
25/01/05;1;1:06;37;0.8;0;0.8
25/01/05;1;1:07;38;0.8;0;0.8
25/01/05;1;1:08;39;0.8;0;0.8
25/01/05;1;1:09;40;0.8;0.1;0.7
25/01/05;1;1:10;41;0.5;0.1;0.4
25/01/05;1;1:11;42;0.7;0.1;0.6
25/01/05;1;1:12;43;0.8;0.1;0.7
25/01/05;1;1:13;44;0.8;0.1;0.7
25/01/05;1;1:14;45;0.8;0.2;0.6
25/01/05;1;1:15;46;0.9;0.3;0.6
25/01/05;1;1:16;47;0.8;0.2;0.6
25/01/05;1;1:17;48;0.8;0.3;0.5
25/01/05;1;1:18;49;0.7;0.3;0.4
25/01/05;1;1:19;50;0.7;0.4;0.3
25/01/05;1;1:20;51;-0.2;0.4;-0.6
25/01/05;1;1:21;52;0.7;0.4;0.3
25/01/05;1;1:22;53;0.7;0.5;0.2
25/01/05;1;1:23;54;0.8;0.5;0.3
25/01/05;1;1:24;55;0.8;0;0.8
25/01/05;1;1:25;56;-0.7;0;-0.7
25/01/05;1;1:26;57;0.8;0;0.8
25/01/05;1;1:27;58;0.7;0;0.7
25/01/05;1;1:28;59;0.7;0;0.7
25/01/05;1;1:29;60;0.7;0;0.7
25/01/05;1;1:30;61;0.5;0;0.5
25/01/05;1;1:31;62;0.8;0;0.8
25/01/05;1;1:32;63;0.8;0;0.8
25/01/05;1;1:33;64;0.8;0;0.8
25/01/05;1;1:34;65;0.8;0;0.8
25/01/05;1;1:35;66;0.5;0;0.5
25/01/05;1;1:36;67;0.8;0;0.8
25/01/05;1;1:37;68;0.7;0;0.7
25/01/05;1;1:38;69;0.8;0;0.8
25/01/05;1;1:39;70;0.7;0.1;0.6
25/01/05;1;1:40;71;0;0.1;-0.1
25/01/05;1;1:41;72;0.7;0.1;0.6
25/01/05;1;1:42;73;0.8;0.1;0.7
25/01/05;1;1:43;74;0.8;0.1;0.7
25/01/05;1;1:44;75;0.8;0;0.8
25/01/05;1;1:45;76;0.7;0;0.7
25/01/05;1;1:46;77;0.8;0;0.8
25/01/05;1;1:47;78;0.8;0;0.8
25/01/05;1;1:48;79;0.8;0;0.8
25/01/05;1;1:49;80;0.7;0.1;0.6
25/01/05;1;1:50;81;0.8;0.2;0.6
25/01/05;1;1:51;82;0.8;0.1;0.7
25/01/05;1;1:52;83;0.8;0.1;0.7
25/01/05;1;1:53;84;0.8;0.1;0.7
25/01/05;1;1:54;85;0.8;0;0.8
25/01/05;1;1:55;86;1;0;1
25/01/05;1;1:56;87;0.7;0;0.7
25/01/05;1;1:57;88;0.8;0;0.8
25/01/05;1;1:58;89;0.7;0;0.7
25/01/05;1;1:59;90;0.8;0.3;0.5
25/01/05;1;2:00;91;0.7;0.3;0.4
25/01/05;1;2:01;92;0.7;0.3;0.4
25/01/05;1;2:02;93;0.8;0.3;0.5
25/01/05;1;2:03;94;0.7;0.3;0.4
25/01/05;1;2:04;95;0.8;0;0.8
25/01/05;1;2:05;96;0.5;0;0.5
25/01/05;1;2:06;97;0.7;0;0.7
25/01/05;1;2:07;98;0.8;0;0.8
25/01/05;1;2:08;99;0.7;0;0.7
25/01/05;1;2:09;100;0.7;0;0.7
25/01/05;1;2:10;101;0.4;0;0.4
25/01/05;1;2:11;102;0.8;0;0.8
25/01/05;1;2:12;103;0.8;0;0.8
25/01/05;1;2:13;104;0.8;0;0.8
25/01/05;1;2:14;105;0.7;0.1;0.6
25/01/05;1;2:15;106;0.3;0.1;0.2
25/01/05;1;2:16;107;0.8;0.1;0.7
25/01/05;1;2:17;108;0.7;0.1;0.6
25/01/05;1;2:18;109;0.7;0.1;0.6
25/01/05;1;2:19;110;0.8;0.3;0.5
25/01/05;1;2:20;111;0.8;0.2;0.6
25/01/05;1;2:21;112;0.7;0.2;0.5
25/01/05;1;2:22;113;0.7;0.2;0.5
25/01/05;1;2:23;114;0.8;0.3;0.5
25/01/05;1;2:24;115;0.8;0;0.8
25/01/05;1;2:25;116;-0.3;0.1;-0.4
25/01/05;1;2:26;117;0.7;0.1;0.6
25/01/05;1;2:27;118;0.7;0.1;0.6
25/01/05;1;2:28;119;0.7;0.1;0.6
25/01/05;1;2:29;120;0.7;0.1;0.6
25/01/05;1;2:30;121;-0.4;0.1;-0.5
25/01/05;1;2:31;122;0.8;0.1;0.7
25/01/05;1;2:32;123;0.7;0.1;0.6
25/01/05;1;2:33;124;0.7;0.1;0.6
25/01/05;1;2:34;125;0.7;0;0.7
25/01/05;1;2:35;126;0.8;0;0.8
25/01/05;1;2:36;127;0.7;0;0.7
25/01/05;1;2:37;128;0.7;0;0.7
25/01/05;1;2:38;129;0.7;0;0.7
25/01/05;1;2:39;130;0.7;0.1;0.6
25/01/05;1;2:40;131;0.5;0;0.5
25/01/05;1;2:41;132;0.7;0;0.7
25/01/05;1;2:42;133;0.7;0.1;0.6
25/01/05;1;2:43;134;0.8;0;0.8
25/01/05;1;2:44;135;0.8;0;0.8
25/01/05;1;2:45;136;0.7;0;0.7
25/01/05;1;2:46;137;0.7;0;0.7
25/01/05;1;2:47;138;0.7;0;0.7
25/01/05;1;2:48;139;0.8;0;0.8
25/01/05;1;2:49;140;0.7;0.2;0.5
25/01/05;1;2:50;141;0.7;0.2;0.5
25/01/05;1;2:51;142;0.7;0.2;0.5
25/01/05;1;2:52;143;0.7;0.2;0.5
25/01/05;1;2:53;144;0.8;0.2;0.6
25/01/05;1;2:54;145;0.8;0;0.8
25/01/05;1;2:55;146;0.5;0;0.5
25/01/05;1;2:56;147;0.8;0;0.8
25/01/05;1;2:57;148;0.8;0;0.8
25/01/05;1;2:58;149;0.8;0;0.8
25/01/05;1;2:59;150;0.7;0;0.7
25/01/05;1;3:00;151;0.7;0;0.7
25/01/05;1;3:01;152;0.8;0;0.8
25/01/05;1;3:02;153;0.7;0;0.7
25/01/05;1;3:03;154;0.7;0;0.7
25/01/05;1;3:04;155;0.8;0.1;0.7
25/01/05;1;3:05;156;0.8;0.1;0.7
25/01/05;1;3:06;157;0.8;0.1;0.7
25/01/05;1;3:07;158;0.7;0.1;0.6
25/01/05;1;3:08;159;0.7;0.1;0.6
25/01/05;1;3:09;160;0.8;0.2;0.6
25/01/05;1;3:10;161;1.2;0.2;1
25/01/05;1;3:11;162;0.8;0.2;0.6
25/01/05;1;3:12;163;0.7;0.1;0.6
25/01/05;1;3:13;164;0.7;0.1;0.6
25/01/05;1;3:14;165;0.7;0;0.7
25/01/05;1;3:15;166;0.9;0;0.9
25/01/05;1;3:16;167;0.7;0;0.7
25/01/05;1;3:17;168;0.7;0;0.7
25/01/05;1;3:18;169;0.8;0;0.8
25/01/05;1;3:19;170;0.7;0;0.7
25/01/05;1;3:20;171;0.2;0;0.2
25/01/05;1;3:21;172;0.8;0.1;0.7
25/01/05;1;3:22;173;0.7;0.1;0.6
25/01/05;1;3:23;174;0.7;0;0.7
25/01/05;1;3:24;175;0.7;0;0.7
25/01/05;1;3:25;176;0.2;0;0.2
25/01/05;1;3:26;177;0.7;0.1;0.6
25/01/05;1;3:27;178;0.7;0;0.7
25/01/05;1;3:28;179;0.7;0;0.7
25/01/05;1;3:29;180;0.7;0;0.7
25/01/05;1;3:30;181;0.1;0;0.1
25/01/05;1;3:31;182;0.6;0;0.6
25/01/05;1;3:32;183;0.7;0;0.7
25/01/05;1;3:33;184;0.7;0;0.7
25/01/05;1;3:34;185;0.8;0.1;0.7
25/01/05;1;3:35;186;0.2;0.1;0.1
25/01/05;1;3:36;187;0.8;0.1;0.7
25/01/05;1;3:37;188;0.7;0.1;0.6
25/01/05;1;3:38;189;0.7;0.1;0.6
25/01/05;1;3:39;190;0.7;0;0.7
25/01/05;1;3:40;191;0.4;0;0.4
25/01/05;1;3:41;192;0.7;0;0.7
25/01/05;1;3:42;193;0.8;0;0.8
25/01/05;1;3:43;194;0.7;0;0.7
25/01/05;1;3:44;195;0.7;0;0.7
25/01/05;1;3:45;196;0;0;0
25/01/05;1;3:46;197;0.8;0;0.8
25/01/05;1;3:47;198;0.7;0;0.7
25/01/05;1;3:48;199;0.7;0;0.7
25/01/05;1;3:49;200;0.8;0.1;0.7
25/01/05;1;3:50;201;1.5;0.1;1.4
25/01/05;1;3:51;202;0.7;0;0.7
25/01/05;1;3:52;203;0.8;0.1;0.7
25/01/05;1;3:53;204;0.7;0.1;0.6
25/01/05;1;3:54;205;0.7;0.2;0.5
25/01/05;1;3:55;206;-0.8;0.2;-1
25/01/05;1;3:56;207;0.8;0.2;0.6
25/01/05;1;3:57;208;0.7;0.2;0.5
25/01/05;1;3:58;209;0.7;0.2;0.5
25/01/05;1;3:59;210;0.7;0;0.7
25/01/05;1;4:00;211;0.6;0;0.6
25/01/05;1;4:01;212;0.8;0;0.8
25/01/05;1;4:02;213;0.8;0;0.8
25/01/05;1;4:03;214;0.8;0;0.8
25/01/05;1;4:04;215;0.8;0;0.8
25/01/05;1;4:05;216;0.8;0;0.8
25/01/05;1;4:06;217;0.8;0;0.8
25/01/05;1;4:07;218;0.7;0;0.7
25/01/05;1;4:08;219;0.7;0;0.7
25/01/05;1;4:09;220;0.7;0.3;0.4
25/01/05;1;4:10;221;0.8;0.3;0.5
25/01/05;1;4:11;222;0.7;0.3;0.4
25/01/05;1;4:12;223;0.8;0.3;0.5
25/01/05;1;4:13;224;0.7;0.3;0.4
25/01/05;1;4:14;225;0.8;0;0.8
25/01/05;1;4:15;226;0.4;0;0.4
25/01/05;1;4:16;227;0.7;0;0.7
25/01/05;1;4:17;228;0.8;0;0.8
25/01/05;1;4:18;229;0.7;0;0.7
25/01/05;1;4:19;230;0.7;0;0.7
25/01/05;1;4:20;231;0.3;0;0.3
25/01/05;1;4:21;232;0.7;0;0.7
25/01/05;1;4:22;233;0.7;0;0.7
25/01/05;1;4:23;234;0.7;0;0.7
25/01/05;1;4:24;235;0.7;0;0.7
25/01/05;1;4:25;236;0.5;0;0.5
25/01/05;1;4:26;237;0.7;0;0.7
25/01/05;1;4:27;238;0.7;0;0.7
25/01/05;1;4:28;239;0.7;0.1;0.6
25/01/05;1;4:29;240;0.7;0.1;0.6
25/01/05;1;4:30;241;-0.6;0.1;-0.7
25/01/05;1;4:31;242;0.7;0.1;0.6
25/01/05;1;4:32;243;0.8;0.1;0.7
25/01/05;1;4:33;244;0.7;0.1;0.6
25/01/05;1;4:34;245;0.7;0.2;0.5
25/01/05;1;4:35;246;0.8;0.2;0.6
25/01/05;1;4:36;247;0.7;0.2;0.5
25/01/05;1;4:37;248;0.7;0.2;0.5
25/01/05;1;4:38;249;0.7;0.2;0.5
25/01/05;1;4:39;250;0.8;0.1;0.7
25/01/05;1;4:40;251;0.4;0.1;0.3
25/01/05;1;4:41;252;0.7;0.1;0.6
25/01/05;1;4:42;253;0.7;0.1;0.6
25/01/05;1;4:43;254;0.7;0.1;0.6
25/01/05;1;4:44;255;0.6;0;0.6
25/01/05;1;4:45;256;0.5;0;0.5
25/01/05;1;4:46;257;0.7;0;0.7
25/01/05;1;4:47;258;0.6;0;0.6
25/01/05;1;4:48;259;0.8;0;0.8
25/01/05;1;4:49;260;0.7;0.1;0.6
25/01/05;1;4:50;261;0.6;0.1;0.5
25/01/05;1;4:51;262;0.7;0.1;0.6
25/01/05;1;4:52;263;0.7;0.1;0.6
25/01/05;1;4:53;264;0.7;0.1;0.6
25/01/05;1;4:54;265;0.8;0;0.8
25/01/05;1;4:55;266;0.7;0;0.7
25/01/05;1;4:56;267;0.6;0;0.6
25/01/05;1;4:57;268;0.6;0;0.6
25/01/05;1;4:58;269;0.6;0;0.6
25/01/05;1;4:59;270;0.6;0;0.6
25/01/05;1;5:00;271;0.6;0;0.6
25/01/05;1;5:01;272;0.7;0;0.7
25/01/05;1;5:02;273;0.7;0;0.7
25/01/05;1;5:03;274;0.7;0;0.7
25/01/05;1;5:04;275;0.7;0;0.7
25/01/05;1;5:05;276;0.8;0;0.8
25/01/05;1;5:06;277;0.8;0;0.8
25/01/05;1;5:07;278;0.7;-0.1;0.8
25/01/05;1;5:08;279;0.8;0;0.8
25/01/05;1;5:09;280;0.8;0;0.8
25/01/05;1;5:10;281;0.8;0;0.8
25/01/05;1;5:11;282;0.7;0;0.7
25/01/05;1;5:12;283;0.8;0;0.8
25/01/05;1;5:13;284;0.8;0;0.8
25/01/05;1;5:14;285;0.8;0.1;0.7
25/01/05;1;5:15;286;2.6;0.1;2.5
25/01/05;1;5:16;287;0.7;0.1;0.6
25/01/05;1;5:17;288;0.8;0.1;0.7
25/01/05;1;5:18;289;0.7;0;0.7
25/01/05;1;5:19;290;0.7;0.1;0.6
25/01/05;1;5:20;291;0.8;0;0.8
25/01/05;1;5:21;292;0.7;0;0.7
25/01/05;1;5:22;293;0.7;0.1;0.6
25/01/05;1;5:23;294;0.8;0.1;0.7
25/01/05;1;5:24;295;0.7;0;0.7
25/01/05;1;5:25;296;-4;0.1;-4.1
25/01/05;1;5:26;297;0.7;0.1;0.6
25/01/05;1;5:27;298;0.7;0;0.7
25/01/05;1;5:28;299;0.7;0;0.7
25/01/05;1;5:29;300;0.7;0;0.7
25/01/05;1;5:30;301;0.7;0;0.7
26/01/05;2;10:05;302;0.8;0.1;0.7
26/01/05;2;10:06;303;0.7;0.1;0.6
26/01/05;2;10:07;304;0.8;0.1;0.7
26/01/05;2;10:08;305;0.7;0.1;0.6
26/01/05;2;10:09;306;0.8;0;0.8
26/01/05;2;10:10;307;0.4;0;0.4
26/01/05;2;10:11;308;0.7;0;0.7
26/01/05;2;10:12;309;0.8;0;0.8
26/01/05;2;10:13;310;0.7;0;0.7
26/01/05;2;10:14;311;0.7;0;0.7
26/01/05;2;10:15;312;0.7;0;0.7
26/01/05;2;10:16;313;0.8;0;0.8
26/01/05;2;10:17;314;0.8;0;0.8
26/01/05;2;10:18;315;0.8;0;0.8
26/01/05;2;10:19;316;0.7;0;0.7
26/01/05;2;10:20;317;0.9;0;0.9
26/01/05;2;10:21;318;0.8;0;0.8
26/01/05;2;10:22;319;0.8;0;0.8
26/01/05;2;10:23;320;0.8;0;0.8
26/01/05;2;10:24;321;0.8;0.1;0.7
26/01/05;2;10:25;322;0.1;0.1;0
26/01/05;2;10:26;323;0.8;0;0.8
26/01/05;2;10:27;324;0.7;0.1;0.6
26/01/05;2;10:28;325;0.7;0.1;0.6
26/01/05;2;10:29;326;0.8;0;0.8
26/01/05;2;10:30;327;0.5;0;0.5
26/01/05;2;10:31;328;0.8;0;0.8
26/01/05;2;10:32;329;0.7;0;0.7
26/01/05;2;10:33;330;0.7;0;0.7
26/01/05;2;10:34;331;0.7;0;0.7
26/01/05;2;10:35;332;0.3;0;0.3
26/01/05;2;10:36;333;0.8;0;0.8
26/01/05;2;10:37;334;0.8;0;0.8
26/01/05;2;10:38;335;0.7;0;0.7
26/01/05;2;10:39;336;0.7;0;0.7
26/01/05;2;10:40;337;0.8;0;0.8
26/01/05;2;10:41;338;0.7;0;0.7
26/01/05;2;10:42;339;0.7;0;0.7
26/01/05;2;10:43;340;0.8;0;0.8
26/01/05;2;10:44;341;0.8;0;0.8
26/01/05;2;10:45;342;0.4;0.1;0.3
26/01/05;2;10:46;343;0.7;0.1;0.6
26/01/05;2;10:47;344;0.7;0.1;0.6
26/01/05;2;10:48;345;0.7;0.1;0.6
26/01/05;2;10:49;346;0.8;0;0.8
26/01/05;2;10:50;347;0.6;0;0.6
26/01/05;2;10:51;348;0.8;0;0.8
26/01/05;2;10:52;349;0.8;0;0.8
26/01/05;2;10:53;350;0.8;0;0.8
26/01/05;2;10:54;351;0.8;0;0.8
26/01/05;2;10:55;352;0.3;0;0.3
26/01/05;2;10:56;353;0.8;0;0.8
26/01/05;2;10:57;354;0.7;0;0.7
26/01/05;2;10:58;355;0.8;0;0.8
26/01/05;2;10:59;356;0.8;0.2;0.6
26/01/05;2;11:00;357;0.8;0.2;0.6
26/01/05;2;11:01;358;0.8;0.2;0.6
26/01/05;2;11:02;359;0.7;0.2;0.5
26/01/05;2;11:03;360;0.8;0.2;0.6
26/01/05;2;11:04;361;0.8;0.2;0.6
26/01/05;2;11:05;362;0.6;0.2;0.4
26/01/05;2;11:06;363;0.8;0.2;0.6
26/01/05;2;11:07;364;0.8;0.2;0.6
26/01/05;2;11:08;365;0.8;0.2;0.6
26/01/05;2;11:09;366;0.7;0.5;0.2
26/01/05;2;11:10;367;0.4;0.5;-0.1
26/01/05;2;11:11;368;0.7;0.5;0.2
26/01/05;2;11:12;369;0.8;0.5;0.3
26/01/05;2;11:13;370;0.8;0.5;0.3
26/01/05;2;11:14;371;0.7;0;0.7
26/01/05;2;11:15;372;0.9;0;0.9
26/01/05;2;11:16;373;0.8;0;0.8
26/01/05;2;11:17;374;0.8;0;0.8
26/01/05;2;11:18;375;0.8;0;0.8
26/01/05;2;11:19;376;0.8;0;0.8
26/01/05;2;11:20;377;0.8;0;0.8
26/01/05;2;11:21;378;0.8;0;0.8
26/01/05;2;11:22;379;0.8;0;0.8
26/01/05;2;11:23;380;0.8;0;0.8
26/01/05;2;11:24;381;0.8;0.4;0.4
26/01/05;2;11:25;382;-0.5;0.4;-0.9
26/01/05;2;11:26;383;0.8;0.4;0.4
26/01/05;2;11:27;384;0.8;0.4;0.4
26/01/05;2;11:28;385;0.8;0.4;0.4
26/01/05;2;11:29;386;0.8;0;0.8
26/01/05;2;11:30;387;0.4;0;0.4
26/01/05;2;11:31;388;0.8;0;0.8
26/01/05;2;11:32;389;0.8;0;0.8
26/01/05;2;11:33;390;0.7;0;0.7
26/01/05;2;11:34;391;0.8;0.1;0.7
26/01/05;2;11:35;392;0.8;0;0.8
26/01/05;2;11:36;393;0.8;0.1;0.7
26/01/05;2;11:37;394;0.8;0.1;0.7
26/01/05;2;11:38;395;0.8;0;0.8
26/01/05;2;11:39;396;0.8;0.1;0.7
26/01/05;2;11:40;397;-0.8;0.1;-0.9
26/01/05;2;11:41;398;0.8;0.1;0.7
26/01/05;2;11:42;399;0.9;0.1;0.8
26/01/05;2;11:43;400;0.8;0.1;0.7
26/01/05;2;11:44;401;0.8;0;0.8
26/01/05;2;11:45;402;0.7;0;0.7
26/01/05;2;11:46;403;0.8;0;0.8
26/01/05;2;11:47;404;0.8;0;0.8
26/01/05;2;11:48;405;0.8;0;0.8
26/01/05;2;11:49;406;0.8;0.1;0.7
26/01/05;2;11:50;407;0.5;0.1;0.4
26/01/05;2;12:30;408;0.4;0;0.4
26/01/05;2;12:31;409;0.9;0;0.9
26/01/05;2;12:32;410;0.7;0;0.7
26/01/05;2;12:33;411;0.8;0;0.8
26/01/05;2;12:34;412;0.8;0.1;0.7
26/01/05;2;12:35;413;0.8;0.1;0.7
26/01/05;2;12:36;414;0.8;0.2;0.6
26/01/05;2;12:37;415;0.8;0.1;0.7
26/01/05;2;12:38;416;0.8;0.1;0.7
26/01/05;2;12:39;417;0.8;0;0.8
26/01/05;2;12:40;418;0.7;0;0.7
26/01/05;2;12:41;419;0.8;0;0.8
26/01/05;2;12:42;420;0.8;0;0.8
26/01/05;2;12:43;421;0.8;0;0.8
26/01/05;2;12:44;422;0.9;0;0.9
26/01/05;2;12:45;423;0.8;0;0.8
26/01/05;2;12:46;424;0.8;0;0.8
26/01/05;2;12:47;425;0.8;0;0.8
26/01/05;2;12:48;426;0.8;0;0.8
26/01/05;2;12:49;427;0.8;0;0.8
26/01/05;2;12:50;428;0.7;0;0.7
26/01/05;2;12:51;429;0.8;0;0.8
26/01/05;2;12:52;430;0.8;0;0.8
26/01/05;2;12:53;431;0.8;0;0.8
26/01/05;2;12:54;432;0.8;0.1;0.7
26/01/05;2;12:55;433;0.8;0.1;0.7
26/01/05;2;12:56;434;0.8;0.1;0.7
26/01/05;2;12:57;435;0.7;0;0.7
26/01/05;2;12:58;436;0.8;0.1;0.7
26/01/05;2;12:59;437;0.8;0;0.8
26/01/05;2;1:00;438;0.6;0;0.6
26/01/05;2;1:01;439;0.7;0;0.7
26/01/05;2;1:02;440;0.8;0;0.8
26/01/05;2;1:03;441;0.8;0;0.8
26/01/05;2;1:04;442;0.8;0.3;0.5
26/01/05;2;1:05;443;0.7;0.3;0.4
26/01/05;2;1:06;444;0.8;0.3;0.5
26/01/05;2;1:07;445;0.9;0.3;0.6
26/01/05;2;1:08;446;0.8;0.3;0.5
26/01/05;2;1:09;447;0.8;0.3;0.5
26/01/05;2;1:10;448;0.2;0.3;-0.1
26/01/05;2;1:11;449;0.8;0.3;0.5
26/01/05;2;1:12;450;0.9;0.3;0.6
26/01/05;2;1:13;451;0.8;0.3;0.5
26/01/05;2;1:14;452;0.8;0;0.8
26/01/05;2;1:15;453;0.9;0;0.9
26/01/05;2;1:16;454;0.8;0;0.8
26/01/05;2;1:17;455;0.9;0;0.9
26/01/05;2;1:18;456;0.8;0;0.8
26/01/05;2;1:19;457;0.8;0.1;0.7
26/01/05;2;1:20;458;0.8;0.1;0.7
26/01/05;2;1:21;459;0.8;0.1;0.7
26/01/05;2;1:22;460;0.8;0.1;0.7
26/01/05;2;1:23;461;0.8;0.1;0.7
26/01/05;2;1:24;462;0.8;0;0.8
26/01/05;2;1:25;463;1;0;1
26/01/05;2;1:26;464;0.8;0;0.8
26/01/05;2;1:27;465;0.8;0;0.8
26/01/05;2;1:28;466;0.8;0;0.8
26/01/05;2;1:29;467;0.9;0;0.9
26/01/05;2;1:30;468;0.8;0;0.8
26/01/05;2;1:31;469;0.8;0;0.8
26/01/05;2;1:32;470;0.8;0;0.8
26/01/05;2;1:33;471;0.8;0;0.8
26/01/05;2;1:34;472;0.8;0;0.8
26/01/05;2;1:35;473;1;0;1
26/01/05;2;1:36;474;0.8;0;0.8
26/01/05;2;1:37;475;0.8;0;0.8
26/01/05;2;1:38;476;0.8;0;0.8
26/01/05;2;1:39;477;0.9;0.2;0.7
26/01/05;2;1:40;478;1.2;0.2;1
26/01/05;2;1:41;479;0.8;0.2;0.6
26/01/05;2;1:42;480;0.8;0.2;0.6
26/01/05;2;1:43;481;0.8;0.2;0.6
26/01/05;2;1:44;482;0.8;0.2;0.6
26/01/05;2;1:45;483;0.8;0.2;0.6
26/01/05;2;1:46;484;0.8;0.2;0.6
26/01/05;2;1:47;485;0.9;0.2;0.7
26/01/05;2;1:48;486;0.8;0.2;0.6
26/01/05;2;1:49;487;0.8;0.1;0.7
26/01/05;2;1:50;488;0.6;0;0.6
26/01/05;2;1:51;489;0.8;0;0.8
26/01/05;2;1:52;490;0.8;0;0.8
26/01/05;2;1:53;491;0.8;0.1;0.7
26/01/05;2;1:54;492;0.8;0.1;0.7
26/01/05;2;1:55;493;1;0.1;0.9
26/01/05;2;1:56;494;0.8;0;0.8
26/01/05;2;1:57;495;0.7;0.1;0.6
26/01/05;2;1:58;496;0.8;0.1;0.7
26/01/05;2;1:59;497;0.8;0;0.8
26/01/05;2;2:00;498;0.5;0;0.5
26/01/05;2;2:01;499;0.8;0;0.8
26/01/05;2;2:02;500;0.9;0;0.9
26/01/05;2;2:03;501;0.8;0;0.8
26/01/05;2;2:04;502;0.8;0;0.8
26/01/05;2;2:05;503;0.5;0;0.5
26/01/05;2;2:06;504;0.8;0;0.8
26/01/05;2;2:07;505;0.8;0;0.8
26/01/05;2;2:08;506;0.8;0;0.8
26/01/05;2;2:09;507;0.8;0.1;0.7
26/01/05;2;2:10;508;0.6;0.1;0.5
26/01/05;2;2:11;509;0.9;0.1;0.8
26/01/05;2;2:12;510;0.8;0.1;0.7
26/01/05;2;2:13;511;0.8;0.1;0.7
26/01/05;2;2:14;512;0.9;0;0.9
26/01/05;2;2:15;513;0.6;0;0.6
26/01/05;2;2:16;514;0.8;0;0.8
26/01/05;2;2:17;515;0.8;0;0.8
26/01/05;2;2:18;516;0.8;0;0.8
26/01/05;2;2:19;517;0.8;0;0.8
26/01/05;2;2:20;518;0.9;0;0.9
26/01/05;2;2:21;519;0.7;0;0.7
26/01/05;2;2:22;520;0.9;0;0.9
26/01/05;2;2:23;521;0.8;0;0.8
26/01/05;2;2:24;522;0.8;0.1;0.7
26/01/05;2;2:25;523;1;0.1;0.9
26/01/05;2;2:26;524;0.8;0;0.8
26/01/05;2;2:27;525;0.7;0.1;0.6
26/01/05;2;2:28;526;0.8;0;0.8
26/01/05;2;2:29;527;0.9;0.2;0.7
26/01/05;2;2:30;528;1;0.2;0.8
26/01/05;2;2:31;529;0.8;0.2;0.6
26/01/05;2;2:32;530;0.8;0.2;0.6
26/01/05;2;2:33;531;0.9;0.2;0.7
26/01/05;2;2:34;532;0.8;0;0.8
26/01/05;2;2:35;533;0.6;0;0.6
26/01/05;2;2:36;534;0.8;0;0.8
26/01/05;2;2:37;535;0.8;0;0.8
26/01/05;2;2:38;536;0.8;0;0.8
26/01/05;2;2:39;537;0.7;0.2;0.5
26/01/05;2;2:40;538;0.3;0.2;0.1
26/01/05;2;2:41;539;0.8;0.2;0.6
26/01/05;2;2:42;540;0.8;0.2;0.6
26/01/05;2;2:43;541;0.8;0.2;0.6
26/01/05;2;2:44;542;0.9;0;0.9
26/01/05;2;2:45;543;0.7;0;0.7
26/01/05;2;2:46;544;0.8;0;0.8
26/01/05;2;2:47;545;0.8;0;0.8
26/01/05;2;2:48;546;0.8;0;0.8
26/01/05;2;2:49;547;0.9;0;0.9
26/01/05;2;2:50;548;0;0.1;-0.1
26/01/05;2;2:51;549;0.9;0.1;0.8
26/01/05;2;2:52;550;0.8;0.1;0.7
26/01/05;2;2:53;551;0.9;0.1;0.8
26/01/05;2;2:54;552;0.8;0.1;0.7
26/01/05;2;2:55;553;1;0.1;0.9
26/01/05;2;2:56;554;0.9;0.1;0.8
26/01/05;2;2:57;555;0.7;0.1;0.6
26/01/05;2;2:58;556;0.8;0.1;0.7
26/01/05;2;2:59;557;0.8;0.1;0.7
26/01/05;2;3:00;558;0.7;0.1;0.6
26/01/05;2;3:01;559;0.8;0.1;0.7
26/01/05;2;3:02;560;0.8;0.1;0.7
26/01/05;2;3:03;561;0.8;0.1;0.7
26/01/05;2;3:04;562;0.8;0;0.8
26/01/05;2;3:05;563;0.6;0;0.6
26/01/05;2;3:06;564;0.8;0;0.8
26/01/05;2;3:07;565;0.8;0;0.8
26/01/05;2;3:08;566;0.9;0;0.9
26/01/05;2;3:09;567;0.8;0;0.8
26/01/05;2;3:10;568;1.3;0;1.3
26/01/05;2;3:11;569;0.8;0;0.8
26/01/05;2;3:12;570;0.8;0;0.8
26/01/05;2;3:13;571;0.8;0;0.8
26/01/05;2;3:14;572;0.8;0;0.8
26/01/05;2;3:15;573;0.6;0;0.6
26/01/05;2;3:16;574;0.8;0;0.8
26/01/05;2;3:17;575;0.8;0;0.8
26/01/05;2;3:18;576;0.8;0;0.8
26/01/05;2;3:19;577;0.7;0.1;0.6
26/01/05;2;3:20;578;0.9;0.1;0.8
26/01/05;2;3:21;579;0.8;0.1;0.7
26/01/05;2;3:22;580;0.8;0.1;0.7
26/01/05;2;3:23;581;0.8;0.1;0.7
26/01/05;2;3:24;582;0.8;0;0.8
26/01/05;2;3:25;583;0.4;0;0.4
26/01/05;2;3:26;584;0.8;0;0.8
26/01/05;2;3:27;585;0.8;0;0.8
26/01/05;2;3:28;586;0.9;0;0.9
26/01/05;2;3:29;587;0.8;0;0.8
26/01/05;2;3:30;588;0.9;0;0.9
26/01/05;2;3:31;589;0.8;0;0.8
26/01/05;2;3:32;590;0.8;0;0.8
26/01/05;2;3:33;591;0.9;0;0.9
26/01/05;2;3:34;592;0.8;0;0.8
26/01/05;2;3:35;593;1.2;0;1.2
26/01/05;2;3:36;594;0.8;0;0.8
26/01/05;2;3:37;595;0.9;0;0.9
26/01/05;2;3:38;596;0.8;0;0.8
26/01/05;2;3:39;597;0.8;0.1;0.7
26/01/05;2;3:40;598;0.2;0.1;0.1
26/01/05;2;3:41;599;0.8;0.1;0.7
26/01/05;2;3:42;600;0.8;0.1;0.7
26/01/05;2;3:43;601;0.7;0.1;0.6
26/01/05;2;3:44;602;0.8;0;0.8
26/01/05;2;3:45;603;0.6;0;0.6
26/01/05;2;3:46;604;0.8;0;0.8
26/01/05;2;3:47;605;0.8;0;0.8
26/01/05;2;3:48;606;0.7;0;0.7
26/01/05;2;3:49;607;0.8;0.1;0.7
26/01/05;2;3:50;608;1;0.1;0.9
26/01/05;2;3:51;609;0.9;0.1;0.8
26/01/05;2;3:52;610;0.9;0.1;0.8
26/01/05;2;3:53;611;0.8;0.1;0.7
26/01/05;2;3:54;612;0.8;0;0.8
26/01/05;2;3:55;613;0.6;0;0.6
26/01/05;2;3:56;614;0.8;0;0.8
26/01/05;2;3:57;615;0.9;0;0.9
26/01/05;2;3:58;616;0.8;0;0.8
26/01/05;2;3:59;617;0.9;0;0.9
26/01/05;2;4:00;618;0.8;0.1;0.7