date;date(m/d/y);time;day;concentration;chloride_80ft(mg/L);chloride_1100ft(mg/L);CL2_80ft(PPM);CL2_1100ft(PPM);DO_YSI_80ft(mg/L);DO_YSI_1100ft(mg/L);FreeClorine_ATI_80ft(PPM);FreeClorine_ATI_1100ft(PPM);ORP_YSI_80ft(mV);ORP_YSI_1100ft(mV);pH_YSI_80ft;pH_YSI_1100ft;sp_cond_YSI_80ft(µS/cm);sp_cond_YSI_1100ft(µS/cm);turbidity_YSI_80ft(NTU+);turbidity_YSI_1100ft(NTU+)
1/06/05 10:55;1/06/05;10.55;1;0.0;52.32;61.01;1.04;1.06;5.49;11.55;0.9;0.86;648;752;8.06;8.54;370;0.0;0.5;0.0
1/06/05 10:56;1/06/05;10.56;1;0.0;52.33;61.03;1.04;1.07;5.49;11.62;0.9;0.86;648;752;8.07;8.55;370;0.0;0.5;0.0
1/06/05 10:57;1/06/05;10.57;1;0.0;52.01;61.07;1.04;1.07;5.49;11.56;0.9;0.86;647;752;8.06;8.55;370;0.0;0.5;0.0
1/06/05 10:58;1/06/05;10.58;1;0.0;52.41;61.11;1.04;1.07;5.49;11.62;0.9;0.86;647;752;8.07;8.55;370;0.0;0.5;0.0
1/06/05 10:59;1/06/05;10.59;1;0.0;52.36;61.16;1.04;1.07;5.5;11.56;0.9;0.86;647;752;8.07;8.55;370;0.0;0.5;0.0
1/06/05 11:00;1/06/05;11.00;1;0.0;53.28;62.7;1.05;1.06;5.49;11.59;0.9;0.86;646;751;8.07;8.56;370;0.0;0.5;0.0
1/06/05 11:01;1/06/05;11.01;1;0.0;52.48;62.8;1.04;1.07;5.5;11.55;0.9;0.86;647;751;8.06;8.56;370;0.0;0.4;0.1
1/06/05 11:02;1/06/05;11.02;1;0.0;52.21;61.22;1.04;1.07;5.5;11.58;0.9;0.86;647;751;8.06;8.56;370;0.0;0.4;0.0
1/06/05 11:03;1/06/05;11.03;1;0.0;52.56;61.33;1.04;1.07;5.5;11.66;0.9;0.86;647;751;8.06;8.56;370;0.0;0.5;0.1
1/06/05 11:04;1/06/05;11.04;1;0.0;52.58;61.33;1.04;1.07;5.5;11.7;0.9;0.86;647;751;8.07;8.56;370;0.0;0.5;0.1
1/06/05 11:05;1/06/05;11.05;1;0.0;52.58;61.43;1.04;1.07;5.5;11.6;0.9;0.86;648;751;8.07;8.56;370;0.0;0.5;0.1
1/06/05 11:06;1/06/05;11.06;1;0.0;52.6;61.45;1.04;1.07;5.5;11.61;0.9;0.86;648;751;8.07;8.56;370;0.0;0.5;0.1
1/06/05 11:07;1/06/05;11.07;1;0.0;52.23;61.39;1.04;1.07;5.5;11.63;0.9;0.86;649;751;8.07;8.56;370;0.0;0.5;0.1
1/06/05 11:08;1/06/05;11.08;1;0.0;52.59;61.43;1.04;1.07;5.5;11.59;0.9;0.86;649;751;8.07;8.56;370;0.0;0.5;0.2
1/06/05 11:09;1/06/05;11.09;1;0.0;52.56;61.39;1.04;1.07;5.5;11.56;0.9;0.86;649;751;8.07;8.56;370;0.0;0.4;0.2
1/06/05 11:10;1/06/05;11.10;1;0.0;52.59;61.44;1.04;1.07;5.5;11.58;0.9;0.86;649;751;8.07;8.57;370;0.0;0.5;0.2
1/06/05 11:11;1/06/05;11.11;1;0.0;52.67;61.5;1.05;1.07;5.5;11.64;0.9;0.86;649;750;8.07;8.56;370;0.0;0.5;0.2
1/06/05 11:12;1/06/05;11.12;1;0.0;52.31;61.59;1.04;1.07;5.5;11.6;0.9;0.86;649;750;8.07;8.57;370;0.0;0.5;0.2
1/06/05 11:13;1/06/05;11.13;1;0.0;52.67;61.57;1.05;1.06;5.5;11.6;0.9;0.86;649;750;8.07;8.57;370;0.0;0.5;0.1
1/06/05 11:14;1/06/05;11.14;1;0.0;52.74;61.61;1.04;1.07;5.5;11.68;0.9;0.86;648;750;8.07;8.57;370;0.0;0.5;0.1
1/06/05 11:15;1/06/05;11.15;1;0.0;52.88;61.59;1.04;1.07;5.51;11.58;0.9;0.86;649;750;8.07;8.57;370;0.0;0.5;0.1
1/06/05 11:16;1/06/05;11.16;1;0.0;52.81;63.25;1.04;1.06;5.5;11.6;0.9;0.86;648;750;8.08;8.58;370;0.0;0.5;0.1
1/06/05 11:17;1/06/05;11.17;1;0.0;52.45;61.64;1.04;1.06;5.51;11.55;0.9;0.86;648;750;8.1;8.57;370;0.0;0.5;0.1
1/06/05 11:18;1/06/05;11.18;1;0.0;52.82;61.67;1.04;1.06;5.51;11.64;0.9;0.86;647;750;8.09;8.57;370;0.0;0.5;0.1
1/06/05 11:19;1/06/05;11.19;1;0.0;52.8;61.67;1.05;1.07;5.51;11.6;0.9;0.86;647;750;8.09;8.58;370;0.0;0.5;0.1
1/06/05 11:20;1/06/05;11.20;1;0.0;52.65;61.73;1.04;1.07;5.5;11.67;0.9;0.86;646;750;8.08;8.57;370;0.0;0.5;0.1
1/06/05 11:21;1/06/05;11.21;1;0.0;52.86;61.75;1.04;1.07;5.51;11.64;0.9;0.85;646;749;8.09;8.58;370;0.0;0.5;0.1
1/06/05 11:22;1/06/05;11.22;1;0.0;52.5;61.77;1.04;1.07;5.51;11.72;0.9;0.86;646;749;8.08;8.58;370;0.0;0.5;0.1
1/06/05 11:23;1/06/05;11.23;1;0.0;52.83;61.85;1.04;1.07;5.51;11.68;0.9;0.86;646;749;8.08;8.58;370;0.0;0.5;0.0
1/06/05 11:24;1/06/05;11.24;1;0.0;52.92;61.89;1.04;1.07;5.51;11.6;0.9;0.86;646;749;8.08;8.58;370;0.0;0.5;0.0
1/06/05 11:25;1/06/05;11.25;1;0.2;52.89;63.28;1.04;1.06;5.51;11.63;0.9;0.86;647;749;8.08;8.58;370;0.0;0.6;0.0
1/06/05 11:26;1/06/05;11.26;1;0.2;52.97;61.85;1.04;1.06;5.51;11.64;0.9;0.86;646;749;8.07;8.58;370;0.0;0.5;0.0
1/06/05 11:27;1/06/05;11.27;1;0.2;52.51;61.82;1.04;1.06;5.51;11.64;0.9;0.85;646;749;8.08;8.58;370;0.0;0.5;0.0
1/06/05 11:28;1/06/05;11.28;1;0.2;52.91;61.86;1.04;1.06;5.5;11.76;0.9;0.85;646;749;8.07;8.58;370;0.0;0.5;0.0
1/06/05 11:29;1/06/05;11.29;1;0.2;52.85;61.99;1.04;1.07;5.5;11.6;0.9;0.85;645;749;8.08;8.59;370;0.0;0.6;0.0
1/06/05 11:30;1/06/05;11.30;1;0.2;52.88;61.94;1.04;1.07;5.51;11.54;0.87;0.85;645;749;8.07;8.58;370;0.0;0.5;0.0
1/06/05 11:31;1/06/05;11.31;1;0.2;53.34;63.54;1.04;1.07;5.5;11.58;0.84;0.85;645;749;8.08;8.59;370;0.0;0.5;0.0
1/06/05 11:32;1/06/05;11.32;1;0.2;52.62;61.96;1.04;1.06;5.5;11.71;0.83;0.85;645;749;8.07;8.59;370;0.0;0.5;0.0
1/06/05 11:33;1/06/05;11.33;1;0.2;53.04;61.99;0.99;1.06;5.5;11.6;0.83;0.85;644;749;8.07;8.59;370;0.0;0.5;0.1
1/06/05 11:34;1/06/05;11.34;1;0.2;53.02;61.96;0.99;1.06;5.5;11.62;0.82;0.85;644;749;8.07;8.59;370;0.0;0.5;0.1
1/06/05 11:35;1/06/05;11.35;1;0.2;52.96;61.93;0.96;1.06;5.5;11.71;0.83;0.85;644;749;8.08;8.59;370;0.0;0.5;0.1
1/06/05 11:36;1/06/05;11.36;1;0.2;53.00;62.01;0.96;1.07;5.5;11.65;0.82;0.85;644;748;8.08;8.59;370;0.0;0.5;0.1
1/06/05 11:37;1/06/05;11.37;1;0.2;52.68;61.99;0.96;1.07;5.5;11.6;0.83;0.85;643;748;8.09;8.59;370;0.0;0.6;0.1
1/06/05 11:38;1/06/05;11.38;1;0.2;53.04;62.08;0.96;1.07;5.5;11.62;0.82;0.85;643;748;8.09;8.59;370;0.0;0.5;0.0
1/06/05 11:39;1/06/05;11.39;1;0.2;53.1;62.12;0.95;1.07;5.5;11.57;0.82;0.85;643;748;8.09;8.59;370;0.0;0.5;0.0
1/06/05 11:40;1/06/05;11.40;1;0.2;53.06;62.13;0.96;1.07;5.49;11.65;0.83;0.85;643;748;8.09;8.6;370;0.0;0.5;0.0
1/06/05 11:41;1/06/05;11.41;1;0.2;53.12;62.12;0.95;1.06;5.5;11.64;0.83;0.85;643;748;8.09;8.59;370;0.0;0.6;0.0
1/06/05 11:42;1/06/05;11.42;1;0.2;52.72;62.14;0.96;1.07;5.49;11.73;0.83;0.85;643;748;8.09;8.59;370;0.0;0.5;0.0
1/06/05 11:43;1/06/05;11.43;1;0.2;53.17;62.11;0.95;1.07;5.49;11.64;0.83;0.85;642;748;8.09;8.59;370;0.0;0.5;0.1
1/06/05 11:44;1/06/05;11.44;1;0.2;53.02;62.03;0.95;1.07;5.5;11.61;0.83;0.85;642;748;8.1;8.59;370;0.0;0.5;0.1
1/06/05 11:45;1/06/05;11.45;1;0.2;53.16;62.08;0.95;1.07;5.5;11.68;0.83;0.85;642;748;8.1;8.6;370;0.0;0.5;0.1
1/06/05 11:46;1/06/05;11.46;1;0.2;53.01;62.19;0.95;1.07;5.5;11.69;0.83;0.85;642;748;8.1;8.6;370;0.0;0.5;0.1
1/06/05 11:47;1/06/05;11.47;1;0.2;53.04;63.57;0.95;1.06;5.49;11.56;0.83;0.84;642;748;8.1;8.6;370;0.0;0.5;0.1
1/06/05 11:48;1/06/05;11.48;1;0.2;53.15;62.18;0.95;1.07;5.5;11.56;0.83;0.85;641;748;8.1;8.6;370;0.0;0.5;0.1
1/06/05 11:49;1/06/05;11.49;1;0.2;53.3;63.58;0.95;1.07;5.5;11.67;0.85;0.84;641;748;8.11;8.6;370;0.0;0.5;0.0
1/06/05 11:50;1/06/05;11.50;1;0.2;53.03;62.13;0.96;1.07;5.5;11.68;0.89;0.82;641;748;8.09;8.6;370;0.0;0.5;0.0
1/06/05 11:51;1/06/05;11.51;1;0.2;53.00;62.05;0.96;1.06;5.5;11.72;0.88;0.8;641;748;8.09;8.6;370;0.0;0.5;0.1
1/06/05 11:52;1/06/05;11.52;1;0.2;52.95;63.48;0.96;1.06;5.5;11.68;0.88;0.79;640;748;8.09;8.6;370;0.0;0.5;0.0
1/06/05 11:53;1/06/05;11.53;1;0.2;53.06;62.19;1.01;1.06;5.49;11.64;0.89;0.78;640;748;8.09;8.6;370;0.0;0.6;0.2
1/06/05 11:54;1/06/05;11.54;1;0.2;53.31;63.67;1.00;1.00;5.5;11.66;0.9;0.78;640;747;8.1;8.6;370;0.0;0.5;0.2
1/06/05 11:55;1/06/05;11.55;1;0.2;53.25;63.64;1.03;1.00;5.49;11.64;0.9;0.77;640;747;8.1;8.6;370;0.0;0.5;0.2
1/06/05 11:56;1/06/05;11.56;1;0.2;53.1;62.23;1.03;0.98;5.49;11.67;0.9;0.77;640;747;8.1;8.6;370;0.0;0.5;0.2
1/06/05 11:57;1/06/05;11.57;1;0.2;52.82;63.63;1.03;0.98;5.5;11.66;0.9;0.77;640;747;8.1;8.61;370;0.0;0.6;0.2
1/06/05 11:58;1/06/05;11.58;1;0.2;53.04;62.18;1.03;0.98;5.5;11.65;0.9;0.77;640;747;8.09;8.6;370;0.0;0.5;0.2
1/06/05 11:59;1/06/05;11.59;1;0.2;53.19;63.64;1.03;0.98;5.5;11.66;0.9;0.77;640;747;8.09;8.6;370;0.0;0.5;0.1
1/06/05 12:00;1/06/05;12.00;1;0.2;53.37;63.52;1.04;0.98;5.5;11.67;0.9;0.77;640;747;8.08;8.61;371;0.0;0.5;0.1
1/06/05 12:01;1/06/05;12.01;1;0.2;52.95;62.27;1.04;0.98;5.5;11.6;0.9;0.77;640;747;8.08;8.61;370;0.0;0.6;0.2
1/06/05 12:02;1/06/05;12.02;1;0.2;52.83;63.61;1.04;0.98;5.5;11.65;0.9;0.77;640;747;8.08;8.61;370;0.0;0.5;0.2
1/06/05 12:03;1/06/05;12.03;1;0.2;53.00;62.33;1.04;0.98;5.5;11.59;0.9;0.77;640;747;8.09;8.61;370;0.0;0.6;0.3
1/06/05 12:04;1/06/05;12.04;1;0.2;53.2;63.7;1.04;0.98;5.5;11.65;0.9;0.77;640;746;8.09;8.61;370;0.0;0.5;0.3
1/06/05 12:05;1/06/05;12.05;1;0.2;53.24;63.71;1.03;0.98;5.5;11.71;0.9;0.77;640;746;8.09;8.61;370;0.0;0.6;0.3
1/06/05 12:06;1/06/05;12.06;1;0.2;53.00;62.34;1.03;0.98;5.5;11.56;0.9;0.77;640;746;8.08;8.61;370;0.0;0.5;0.3
1/06/05 12:07;1/06/05;12.07;1;0.2;52.88;63.61;1.03;0.98;5.5;11.67;0.9;0.77;640;746;8.08;8.61;370;0.0;0.5;0.3
1/06/05 12:08;1/06/05;12.08;1;0.2;53.19;63.69;1.04;0.98;5.5;11.65;0.9;0.77;640;746;8.08;8.61;370;0.0;0.5;0.5
1/06/05 12:09;1/06/05;12.09;1;0.2;53.22;63.69;1.04;0.99;5.5;11.57;0.9;0.79;640;746;8.07;8.61;370;0.0;0.5;0.5
1/06/05 12:10;1/06/05;12.10;1;0.2;53.45;63.67;1.04;0.99;5.49;11.65;0.9;0.81;639;746;8.08;8.61;371;0.0;0.5;0.5
1/06/05 12:11;1/06/05;12.11;1;0.2;52.99;62.32;1.04;1.0;5.5;11.66;0.9;0.81;640;746;8.08;8.61;370;0.0;0.6;0.5
1/06/05 12:12;1/06/05;12.12;1;0.2;53.03;63.62;1.04;1.0;5.5;11.56;0.9;0.82;639;746;8.07;8.61;370;0.0;0.6;0.5
1/06/05 12:13;1/06/05;12.13;1;0.2;53.27;63.61;1.04;1.0;5.5;11.71;0.9;0.82;639;746;8.08;8.61;370;0.0;0.5;0.1
1/06/05 12:14;1/06/05;12.14;1;0.2;53.3;63.6;1.04;1.03;5.5;11.68;0.9;0.83;639;746;8.07;8.62;370;0.0;0.6;0.1
1/06/05 12:15;1/06/05;12.15;1;0.2;53.17;63.56;1.03;1.03;5.5;11.65;0.9;0.83;639;746;8.07;8.62;370;0.0;0.5;0.1
1/06/05 12:16;1/06/05;12.16;1;0.2;53.26;63.52;1.03;1.05;5.49;11.69;0.9;0.83;639;746;8.07;8.62;370;0.0;0.6;0.1
1/06/05 12:17;1/06/05;12.17;1;0.2;52.92;63.45;1.03;1.05;5.49;11.58;0.9;0.83;639;746;8.08;8.61;370;0.0;0.5;0.1
1/06/05 12:18;1/06/05;12.18;1;0.2;53.32;63.57;1.04;1.05;5.5;11.63;0.9;0.83;639;746;8.07;8.62;370;0.0;0.5;0.2
1/06/05 12:19;1/06/05;12.19;1;0.2;53.25;63.54;1.04;1.06;5.5;11.63;0.9;0.84;639;746;8.07;8.62;370;0.0;0.6;0.1
1/06/05 12:20;1/06/05;12.20;1;0.2;53.24;63.52;1.04;1.06;5.49;11.66;0.9;0.83;639;745;8.07;8.62;370;0.0;0.6;0.2
1/06/05 12:21;1/06/05;12.21;1;0.2;53.29;63.54;1.04;1.07;5.5;11.56;0.9;0.83;639;745;8.07;8.62;370;0.0;0.6;0.1
1/06/05 12:22;1/06/05;12.22;1;0.2;52.75;63.38;1.04;1.07;5.5;11.65;0.9;0.84;639;745;8.07;8.62;370;0.0;0.5;0.1
1/06/05 12:23;1/06/05;12.23;1;0.2;53.24;63.35;1.04;1.07;5.49;11.57;0.9;0.83;639;745;8.07;8.62;370;0.0;0.5;0.3
1/06/05 12:24;1/06/05;12.24;1;0.2;53.23;63.46;1.04;1.07;5.49;11.66;0.9;0.83;639;745;8.07;8.62;370;0.0;0.6;0.3
1/06/05 12:25;1/06/05;12.25;1;0.2;53.31;63.42;1.04;1.07;5.5;11.63;0.9;0.83;639;745;8.08;8.62;370;0.0;0.6;0.3
1/06/05 12:26;1/06/05;12.26;1;0.2;53.24;63.45;1.04;1.07;5.49;11.66;0.9;0.83;639;745;8.07;8.62;370;0.0;0.6;0.3
1/06/05 12:27;1/06/05;12.27;1;0.2;52.86;63.39;1.04;1.07;5.49;11.66;0.9;0.83;639;745;8.09;8.62;370;0.0;0.6;0.3
1/06/05 12:28;1/06/05;12.28;1;0.2;53.18;63.48;1.03;1.07;5.5;11.73;0.9;0.83;639;745;8.08;8.62;370;0.0;0.6;0.1
1/06/05 12:29;1/06/05;12.29;1;0.2;53.31;63.41;1.03;1.06;5.49;11.69;0.9;0.83;638;745;8.08;8.62;370;0.0;0.6;0.1
1/06/05 12:30;1/06/05;12.30;1;0.2;53.16;63.31;1.04;1.06;5.49;11.65;0.9;0.83;638;745;8.07;8.62;371;0.0;0.5;0.1
1/06/05 12:31;1/06/05;12.31;1;0.2;53.21;63.38;1.04;1.06;5.49;11.54;0.9;0.83;637;745;8.07;8.62;370;0.0;0.5;0.1
1/06/05 12:32;1/06/05;12.32;1;0.2;52.91;63.38;1.04;1.06;5.49;11.6;0.9;0.83;637;745;8.08;8.62;371;0.0;0.6;0.1
1/06/05 12:33;1/06/05;12.33;1;0.2;53.23;63.41;1.03;1.06;5.49;11.57;0.9;0.83;637;745;8.08;8.62;370;0.0;0.5;0.2
1/06/05 12:34;1/06/05;12.34;1;0.2;53.23;63.44;1.03;1.06;5.49;11.68;0.9;0.83;637;745;8.08;8.62;370;0.0;0.5;0.2
1/06/05 12:35;1/06/05;12.35;1;0.2;53.19;63.37;1.03;1.06;5.49;11.64;0.9;0.83;636;745;8.07;8.62;370;0.0;0.5;0.2
1/06/05 12:36;1/06/05;12.36;1;0.2;53.22;63.31;1.03;1.06;5.49;11.68;0.9;0.83;637;745;8.08;8.62;371;0.0;0.5;0.2
1/06/05 12:37;1/06/05;12.37;1;0.2;53.00;63.13;1.03;1.06;5.49;11.64;0.9;0.83;637;745;8.08;8.63;370;0.0;0.5;0.2
1/06/05 12:38;1/06/05;12.38;1;0.2;53.18;63.24;1.03;1.06;5.48;11.77;0.9;0.83;637;745;8.08;8.62;370;0.0;0.5;0.0
1/06/05 12:39;1/06/05;12.39;1;0.2;53.12;63.26;1.03;1.06;5.49;11.68;0.9;0.83;637;744;8.09;8.63;371;0.0;0.6;0.0
1/06/05 12:40;1/06/05;12.40;1;0.2;53.14;63.28;1.03;1.06;5.49;11.65;0.9;0.83;637;744;8.09;8.63;371;0.0;0.6;0.0
1/06/05 12:50;1/06/05;12.50;1;0.0;53.22;63.32;1.03;1.05;5.48;11.69;0.9;0.83;636;744;8.08;8.63;371;0.0;0.6;0.1
1/06/05 12:51;1/06/05;12.51;1;0.0;53.26;63.24;1.03;1.06;5.48;11.59;0.9;0.82;635;744;8.08;8.63;371;0.0;0.6;0.1
1/06/05 12:52;1/06/05;12.52;1;0.0;52.81;63.16;1.03;1.06;5.48;11.62;0.9;0.82;635;744;8.08;8.63;370;0.0;0.5;0.1
1/06/05 12:53;1/06/05;12.53;1;0.0;53.21;63.27;1.03;1.06;5.47;11.6;0.9;0.82;635;744;8.08;8.63;371;0.0;0.6;0.0
1/06/05 12:54;1/06/05;12.54;1;0.0;53.19;63.24;1.03;1.06;5.48;11.69;0.9;0.83;635;744;8.08;8.63;371;0.0;0.6;0.0
1/06/05 12:55;1/06/05;12.55;1;0.0;53.21;63.41;1.03;1.06;5.47;11.64;0.9;0.82;634;744;8.08;8.63;371;0.0;0.6;0.0
1/06/05 12:56;1/06/05;12.56;1;0.0;53.28;63.36;1.03;1.05;5.47;11.68;0.9;0.82;634;744;8.08;8.63;371;0.0;0.5;0.0
1/06/05 12:57;1/06/05;12.57;1;0.0;52.9;63.33;1.03;1.05;5.47;11.6;0.9;0.82;634;744;8.08;8.63;371;0.0;0.6;0.0
1/06/05 12:58;1/06/05;12.58;1;0.0;53.15;63.19;1.02;1.06;5.47;11.72;0.9;0.82;634;744;8.09;8.63;371;0.0;0.6;0.1
1/06/05 12:59;1/06/05;12.59;1;0.0;53.22;63.19;1.02;1.06;5.47;11.62;0.9;0.82;634;744;8.09;8.64;371;0.0;0.6;0.1
1/06/05 13:00;1/06/05;13.00;1;0.0;53.37;61.73;1.03;1.06;5.47;11.63;0.9;0.82;634;744;8.1;8.63;371;0.0;0.6;0.1
1/06/05 13:01;1/06/05;13.01;1;0.0;53.19;63.24;1.03;1.05;5.47;11.64;0.9;0.82;634;744;8.09;8.64;371;0.0;0.6;0.1
1/06/05 13:02;1/06/05;13.02;1;0.0;52.83;63.12;1.03;1.05;5.47;11.6;0.9;0.82;634;743;8.08;8.63;371;0.0;0.6;0.1
1/06/05 13:03;1/06/05;13.03;1;0.0;53.15;63.15;1.03;1.05;5.47;11.66;0.9;0.82;634;743;8.09;8.63;371;0.0;0.5;0.1
1/06/05 13:04;1/06/05;13.04;1;0.0;53.21;63.15;1.03;1.05;5.47;11.67;0.9;0.82;635;743;8.08;8.63;371;0.0;0.6;0.1
1/06/05 13:05;1/06/05;13.05;1;0.0;53.13;63.24;1.03;1.05;5.47;11.61;0.9;0.82;635;743;8.08;8.64;371;0.0;0.6;0.1
1/06/05 13:06;1/06/05;13.06;1;0.0;53.2;63.08;1.03;1.06;5.47;11.61;0.9;0.82;635;743;8.09;8.63;371;0.0;0.6;0.1
1/06/05 13:07;1/06/05;13.07;1;0.0;52.7;63.19;1.03;1.06;5.47;11.62;0.9;0.82;636;743;8.08;8.64;371;0.0;0.6;0.1
1/06/05 13:08;1/06/05;13.08;1;0.0;53.16;63.14;1.03;1.05;5.47;11.58;0.9;0.82;636;743;8.08;8.63;371;0.0;0.6;0.0
1/06/05 13:09;1/06/05;13.09;1;0.0;53.21;63.09;1.03;1.05;5.47;11.62;0.9;0.82;636;743;8.08;8.64;371;0.0;0.6;0.1
1/06/05 13:10;1/06/05;13.10;1;0.0;53.21;63.22;1.03;1.05;5.46;11.6;0.9;0.82;637;743;8.08;8.63;371;0.0;0.5;0.1
1/06/05 13:11;1/06/05;13.11;1;0.0;53.24;63.21;1.03;1.04;5.46;11.65;0.9;0.82;637;743;8.09;8.64;371;0.0;0.6;0.1
1/06/05 13:12;1/06/05;13.12;1;0.0;52.71;63.08;1.03;1.04;5.46;11.62;0.9;0.82;637;743;8.08;8.64;371;0.0;0.6;0.1
1/06/05 13:13;1/06/05;13.13;1;0.0;53.16;63.12;1.04;1.05;5.46;11.63;0.9;0.82;637;743;8.08;8.64;371;0.0;0.6;0.0
1/06/05 13:14;1/06/05;13.14;1;0.0;53.18;63.02;1.04;1.05;5.46;11.7;0.9;0.82;637;743;8.08;8.64;371;0.0;0.6;0.0
1/06/05 13:15;1/06/05;13.15;1;0.0;53.16;63.16;1.03;1.05;5.46;11.6;0.9;0.82;637;743;8.08;8.64;371;0.0;0.6;0.0
1/06/05 13:16;1/06/05;13.16;1;0.0;53.19;63.03;1.03;1.04;5.46;11.62;0.9;0.82;637;743;8.09;8.64;371;0.0;0.6;0.0
1/06/05 13:17;1/06/05;13.17;1;0.0;52.81;62.97;1.03;1.04;5.46;11.64;0.9;0.81;638;743;8.09;8.64;371;0.0;0.6;0.0
1/06/05 13:18;1/06/05;13.18;1;0.0;53.11;63.15;1.03;1.05;5.46;11.66;0.9;0.82;638;743;8.08;8.64;371;0.0;0.5;0.2
1/06/05 13:19;1/06/05;13.19;1;0.0;53.06;62.97;1.03;1.05;5.46;11.66;0.9;0.81;638;743;8.08;8.64;371;0.0;0.6;0.2
1/06/05 13:20;1/06/05;13.20;1;0.0;53.07;63.09;1.03;1.05;5.46;11.65;0.9;0.81;638;743;8.08;8.64;371;0.0;0.6;0.2
1/06/05 13:21;1/06/05;13.21;1;1.1;53.1;63.09;1.03;1.04;5.45;11.61;0.9;0.82;638;743;8.08;8.64;371;0.0;0.5;0.2
1/06/05 13:22;1/06/05;13.22;1;1.1;52.71;62.96;1.03;1.05;5.45;11.61;0.9;0.81;638;743;8.09;8.64;371;0.0;0.6;0.2
1/06/05 13:23;1/06/05;13.23;1;1.1;53.08;63.11;1.02;1.05;5.45;11.71;0.89;0.81;638;743;8.08;8.64;371;0.0;0.6;0.1
1/06/05 13:24;1/06/05;13.24;1;1.1;53.11;62.95;1.02;1.05;5.46;11.64;0.88;0.81;638;743;8.08;8.64;371;0.0;0.5;0.1
1/06/05 13:25;1/06/05;13.25;1;1.1;53.09;63.06;1.02;1.05;5.45;11.66;0.68;0.82;638;743;8.09;8.64;371;0.0;0.6;0.1
1/06/05 13:26;1/06/05;13.26;1;1.1;53.19;62.96;1.03;1.05;5.45;11.59;0.54;0.81;637;743;8.08;8.64;371;0.0;0.6;0.1
1/06/05 13:27;1/06/05;13.27;1;1.1;52.91;62.83;1.02;1.05;5.45;11.63;0.5;0.81;636;743;8.08;8.64;371;0.0;0.6;0.1
1/06/05 13:28;1/06/05;13.28;1;1.1;53.47;63.01;0.76;1.05;5.45;11.56;0.49;0.81;634;743;8.09;8.64;371;0.0;0.6;0.1
1/06/05 13:29;1/06/05;13.29;1;1.1;53.53;63.03;0.76;1.05;5.45;11.72;0.49;0.81;631;743;8.09;8.64;371;0.0;0.5;0.1
1/06/05 13:30;1/06/05;13.30;1;1.1;53.47;63.03;0.6;1.05;5.45;11.55;0.49;0.81;629;743;8.09;8.65;371;0.0;0.6;0.1
1/06/05 13:31;1/06/05;13.31;1;1.1;53.55;63.00;0.6;1.05;5.45;11.59;0.49;0.81;627;743;8.09;8.64;371;0.0;0.7;0.1
1/06/05 13:32;1/06/05;13.32;1;1.1;53.12;62.81;0.6;1.05;5.45;11.66;0.5;0.81;626;743;8.09;8.65;371;0.0;0.6;0.1
1/06/05 13:33;1/06/05;13.33;1;1.1;53.56;61.42;0.58;1.04;5.45;11.68;0.5;0.81;624;743;8.08;8.64;371;0.0;0.6;0.0
1/06/05 13:34;1/06/05;13.34;1;1.1;53.52;62.94;0.58;1.04;5.44;11.56;0.5;0.81;622;743;8.09;8.65;371;0.0;0.7;0.0
1/06/05 13:35;1/06/05;13.35;1;1.1;53.53;57.91;0.59;1.04;5.44;11.6;0.49;0.81;621;743;8.09;8.64;371;0.0;0.7;0.0
1/06/05 13:36;1/06/05;13.36;1;1.1;53.52;62.91;0.59;1.05;5.44;11.6;0.5;0.81;620;743;8.09;8.64;371;0.0;0.6;0.0
1/06/05 13:37;1/06/05;13.37;1;1.1;53.19;62.72;0.59;1.05;5.44;11.69;0.5;0.81;619;743;8.1;8.64;371;0.0;0.6;0.0
1/06/05 13:38;1/06/05;13.38;1;1.1;53.48;62.95;0.59;1.05;5.44;11.61;0.5;0.81;618;743;8.1;8.65;371;0.0;0.6;0.2
1/06/05 13:39;1/06/05;13.39;1;1.1;53.51;62.87;0.59;1.04;5.44;11.63;0.5;0.81;617;743;8.1;8.65;371;0.0;0.5;0.2
1/06/05 13:40;1/06/05;13.40;1;1.1;53.51;62.87;0.57;1.05;5.44;11.64;0.5;0.81;616;743;8.11;8.64;371;0.0;0.6;0.2
1/06/05 13:41;1/06/05;13.41;1;1.1;53.53;62.84;0.57;1.04;5.44;11.6;0.5;0.81;615;743;8.1;8.65;371;0.0;0.6;0.2
1/06/05 13:42;1/06/05;13.42;1;1.1;53.17;62.87;0.57;1.04;5.44;11.57;0.5;0.81;614;743;8.11;8.65;371;0.0;0.6;0.2
1/06/05 13:43;1/06/05;13.43;1;1.1;53.65;62.92;0.58;1.04;5.44;11.61;0.51;0.81;614;743;8.11;8.65;371;0.0;0.6;0.0
1/06/05 13:44;1/06/05;13.44;1;1.1;53.41;62.74;0.58;1.04;5.44;11.56;0.63;0.79;614;743;8.1;8.64;371;0.0;0.6;0.0
1/06/05 13:45;1/06/05;13.45;1;1.1;53.53;62.71;0.61;1.04;5.44;11.58;0.79;0.7;613;743;8.11;8.64;371;0.0;0.6;0.0
1/06/05 13:46;1/06/05;13.46;1;1.1;53.28;62.59;0.61;1.02;5.44;11.61;0.87;0.58;614;743;8.11;8.64;371;0.0;0.5;0.0
1/06/05 13:47;1/06/05;13.47;1;1.1;52.81;62.68;0.61;1.02;5.43;11.7;0.88;0.52;616;743;8.11;8.64;371;0.0;0.6;0.0
1/06/05 13:48;1/06/05;13.48;1;1.1;53.03;62.86;0.9;0.72;5.44;11.59;0.89;0.48;617;743;8.11;8.64;371;0.0;0.6;0.2
1/06/05 13:49;1/06/05;13.49;1;1.1;53.15;63.1;0.9;0.72;5.44;11.58;0.89;0.47;619;743;8.12;8.64;371;0.0;0.6;0.2
1/06/05 13:50;1/06/05;13.50;1;1.1;53.09;63.05;1.0;0.72;5.44;11.61;0.89;0.46;621;743;8.12;8.64;371;0.0;0.6;0.2
1/06/05 13:51;1/06/05;13.51;1;1.1;53.00;63.1;1.0;0.61;5.44;11.55;0.89;0.46;623;743;8.12;8.64;371;0.0;0.6;0.2
1/06/05 13:52;1/06/05;13.52;1;1.1;52.66;63.09;1.0;0.61;5.44;11.6;0.89;0.46;624;743;8.11;8.65;371;0.0;0.6;0.2
1/06/05 13:53;1/06/05;13.53;1;1.1;52.95;63.06;1.01;0.6;5.44;11.61;0.89;0.46;626;742;8.12;8.64;371;0.0;0.6;0.4
1/06/05 13:54;1/06/05;13.54;1;1.1;52.96;63.03;1.01;0.6;5.44;11.59;0.89;0.46;627;742;8.11;8.64;371;0.0;0.6;0.5
1/06/05 13:55;1/06/05;13.55;1;1.1;52.98;63.15;1.01;0.6;5.44;11.62;0.89;0.46;628;742;8.11;8.64;371;0.0;0.6;0.5
1/06/05 13:56;1/06/05;13.56;1;1.1;53.05;63.16;1.01;0.6;5.44;11.64;0.89;0.46;629;742;8.11;8.64;371;0.0;0.6;0.5
1/06/05 13:57;1/06/05;13.57;1;1.1;52.58;63.18;1.01;0.6;5.43;11.58;0.89;0.46;629;742;8.11;8.64;371;0.0;0.6;0.5
1/06/05 13:58;1/06/05;13.58;1;1.1;52.94;63.22;1.02;0.61;5.44;11.68;0.89;0.45;629;741;8.11;8.64;371;0.0;0.6;0.0
1/06/05 13:59;1/06/05;13.59;1;1.1;52.9;63.28;1.02;0.61;5.43;11.62;0.89;0.46;630;741;8.12;8.65;371;0.0;0.6;0.0
1/06/05 14:00;1/06/05;14.00;1;1.1;52.94;58.73;1.02;0.61;5.44;11.61;0.89;0.46;630;741;8.11;8.65;371;0.0;0.6;0.0
1/06/05 14:01;1/06/05;14.01;1;1.1;52.91;63.2;1.02;0.61;5.44;11.57;0.89;0.45;631;741;8.12;8.65;371;0.0;0.6;0.0
1/06/05 14:02;1/06/05;14.02;1;1.1;52.52;63.16;1.02;0.61;5.44;11.64;0.89;0.46;631;741;8.1;8.64;371;0.0;0.5;0.0
1/06/05 14:03;1/06/05;14.03;1;1.1;52.98;63.19;1.02;0.61;5.44;11.52;0.89;0.46;631;741;8.11;8.64;371;0.0;0.6;0.1
1/06/05 14:04;1/06/05;14.04;1;1.1;53.01;63.27;1.02;0.61;5.44;11.62;0.89;0.52;632;740;8.11;8.64;371;0.0;0.6;0.1
1/06/05 14:05;1/06/05;14.05;1;1.1;53.01;63.24;1.02;0.61;5.44;11.65;0.89;0.63;632;740;8.11;8.65;371;0.0;0.6;0.1
1/06/05 14:06;1/06/05;14.06;1;1.1;52.92;63.11;1.02;0.7;5.44;11.63;0.89;0.71;632;740;8.11;8.64;371;0.0;0.6;0.1
1/06/05 14:07;1/06/05;14.07;1;1.1;52.64;62.91;1.02;0.7;5.43;11.58;0.89;0.76;632;740;8.1;8.65;371;0.0;0.6;0.1
1/06/05 14:08;1/06/05;14.08;1;1.1;52.95;62.92;1.01;0.98;5.43;11.7;0.89;0.78;631;740;8.1;8.65;371;0.0;0.6;0.1
1/06/05 14:09;1/06/05;14.09;1;1.1;52.82;62.8;1.02;0.97;5.44;11.64;0.89;0.78;631;740;8.1;8.65;371;0.0;0.5;0.1
1/06/05 14:10;1/06/05;14.10;1;1.1;52.93;62.78;1.02;0.98;5.43;11.57;0.89;0.79;631;740;8.11;8.65;371;0.0;0.6;0.1
1/06/05 14:11;1/06/05;14.11;1;1.1;52.94;62.71;1.02;1.03;5.43;11.49;0.89;0.79;631;740;8.1;8.65;371;0.0;0.6;0.1
1/06/05 14:12;1/06/05;14.12;1;1.1;52.6;62.63;1.02;1.02;5.43;11.54;0.89;0.8;631;740;8.1;8.65;371;0.0;0.6;0.1
1/06/05 14:13;1/06/05;14.13;1;1.1;52.88;62.62;1.02;1.03;5.44;11.59;0.89;0.79;631;740;8.1;8.65;371;0.0;0.6;0.0
1/06/05 14:14;1/06/05;14.14;1;1.1;53.01;62.57;1.02;1.03;5.43;11.56;0.89;0.8;632;740;8.11;8.65;371;0.0;0.5;0.0
1/06/05 14:15;1/06/05;14.15;1;1.1;52.95;62.62;1.01;1.03;5.43;11.61;0.89;0.8;632;740;8.11;8.65;371;0.0;0.6;0.0
1/06/05 14:16;1/06/05;14.16;1;1.1;53.01;62.57;1.01;1.04;5.43;11.63;0.89;0.8;632;740;8.1;8.65;371;0.0;0.7;0.0
1/06/05 14:17;1/06/05;14.17;1;1.1;52.5;62.5;1.01;1.04;5.43;11.61;0.89;0.8;632;740;8.11;8.65;371;0.0;0.6;0.0
1/06/05 14:18;1/06/05;14.18;1;1.1;52.89;62.52;1.01;1.04;5.43;11.63;0.89;0.8;632;740;8.11;8.65;371;0.0;0.7;0.2
1/06/05 14:19;1/06/05;14.19;1;1.1;52.84;62.59;1.02;1.04;5.43;11.61;0.89;0.8;632;740;8.11;8.65;371;0.0;0.6;0.2
1/06/05 14:20;1/06/05;14.20;1;1.1;52.88;62.47;1.02;1.04;5.43;11.62;0.89;0.8;632;740;8.12;8.65;370;0.0;0.6;0.2
1/06/05 14:21;1/06/05;14.21;1;1.1;52.85;62.42;1.02;1.04;5.43;11.59;0.89;0.8;632;740;8.11;8.65;371;0.0;0.6;0.2
1/06/05 14:22;1/06/05;14.22;1;1.1;52.41;62.29;1.02;1.04;5.43;11.63;0.89;0.79;632;740;8.11;8.65;371;0.0;0.6;0.2
1/06/05 14:23;1/06/05;14.23;1;1.1;52.81;62.44;1.02;1.04;5.43;11.62;0.89;0.8;632;740;8.12;8.65;371;0.0;0.6;0.0
1/06/05 14:24;1/06/05;14.24;1;1.1;52.83;62.6;1.02;1.04;5.43;11.63;0.89;0.8;632;740;8.12;8.65;371;0.0;0.7;0.0
1/06/05 14:25;1/06/05;14.25;1;1.1;52.86;62.53;1.02;1.04;5.43;11.65;0.89;0.8;632;740;8.12;8.65;371;0.0;0.5;0.0
1/06/05 14:26;1/06/05;14.26;1;1.1;52.83;62.5;1.02;1.04;5.43;11.58;0.89;0.8;632;740;8.12;8.65;371;0.0;0.6;0.0
1/06/05 14:27;1/06/05;14.27;1;1.1;52.43;62.26;1.02;1.05;5.43;11.53;0.89;0.8;632;740;8.11;8.65;371;0.0;0.7;0.0
1/06/05 14:28;1/06/05;14.28;1;1.1;52.86;62.36;1.01;1.04;5.42;11.57;0.89;0.8;632;740;8.11;8.65;371;0.0;0.6;0.0
1/06/05 14:29;1/06/05;14.29;1;1.1;52.68;62.35;1.01;1.04;5.43;11.69;0.89;0.79;632;740;8.1;8.65;371;0.0;0.6;0.0
1/06/05 14:30;1/06/05;14.30;1;1.1;52.87;62.4;1.02;1.04;5.43;11.65;0.89;0.79;632;740;8.1;8.65;371;0.0;0.6;0.0
1/06/05 14:31;1/06/05;14.31;1;1.1;52.87;62.46;1.02;1.04;5.42;11.56;0.89;0.79;632;740;8.09;8.65;371;0.0;0.6;0.0
1/06/05 14:32;1/06/05;14.32;1;1.1;52.49;62.42;1.01;1.04;5.42;11.6;0.89;0.79;632;740;8.09;8.66;371;0.0;0.7;0.0
1/06/05 14:33;1/06/05;14.33;1;1.1;52.71;62.26;1.02;1.04;5.42;11.58;0.89;0.79;632;740;8.09;8.65;371;0.0;0.6;0.1
1/06/05 14:34;1/06/05;14.34;1;1.1;52.83;62.31;1.02;1.05;5.42;11.59;0.89;0.79;632;741;8.09;8.65;371;0.0;0.6;0.1
1/06/05 14:35;1/06/05;14.35;1;1.1;52.84;62.32;1.02;1.04;5.42;11.54;0.89;0.79;633;741;8.09;8.65;371;0.0;0.6;0.1
1/06/05 14:30;1/06/05;14.30;1;0.0;52.87;62.4;1.02;1.04;5.43;11.65;0.89;0.79;632;740;8.1;8.65;371;0.0;0.6;0.0
1/06/05 14:31;1/06/05;14.31;1;0.0;52.87;62.46;1.02;1.04;5.42;11.56;0.89;0.79;632;740;8.09;8.65;371;0.0;0.6;0.0
1/06/05 14:32;1/06/05;14.32;1;0.0;52.49;62.42;1.01;1.04;5.42;11.6;0.89;0.79;632;740;8.09;8.66;371;0.0;0.7;0.0
1/06/05 14:33;1/06/05;14.33;1;0.0;52.71;62.26;1.02;1.04;5.42;11.58;0.89;0.79;632;740;8.09;8.65;371;0.0;0.6;0.1
1/06/05 14:34;1/06/05;14.34;1;0.0;52.83;62.31;1.02;1.05;5.42;11.59;0.89;0.79;632;741;8.09;8.65;371;0.0;0.6;0.1
1/06/05 14:35;1/06/05;14.35;1;0.0;52.84;62.32;1.02;1.04;5.42;11.54;0.89;0.79;633;741;8.09;8.65;371;0.0;0.6;0.1
1/06/05 14:36;1/06/05;14.36;1;0.0;52.75;62.32;1.01;1.04;5.42;11.62;0.89;0.79;633;741;8.09;8.66;371;0.0;0.6;0.1
1/06/05 14:37;1/06/05;14.37;1;0.0;52.31;62.38;1.02;1.04;5.42;11.66;0.89;0.79;633;741;8.09;8.65;371;0.0;0.6;0.1
1/06/05 14:38;1/06/05;14.38;1;0.0;52.8;62.29;1.02;1.05;5.42;11.65;0.89;0.79;633;741;8.09;8.65;371;0.0;0.6;0.1
1/06/05 14:39;1/06/05;14.39;1;0.0;52.81;62.34;1.02;1.05;5.42;11.63;0.89;0.79;633;741;8.09;8.66;371;0.0;0.6;0.1
1/06/05 14:40;1/06/05;14.40;1;0.0;52.72;62.24;1.02;1.04;5.42;11.57;0.89;0.79;633;741;8.09;8.65;371;0.0;0.6;0.1
1/06/05 14:41;1/06/05;14.41;1;0.0;52.78;62.28;1.02;1.04;5.42;11.6;0.89;0.79;633;741;8.09;8.65;371;0.0;0.6;0.1
1/06/05 14:42;1/06/05;14.42;1;0.0;52.44;62.28;1.02;1.04;5.42;11.6;0.89;0.79;633;741;8.08;8.66;371;0.0;0.6;0.1
1/06/05 14:43;1/06/05;14.43;1;0.0;52.67;62.29;1.02;1.04;5.42;11.59;0.89;0.79;633;741;8.09;8.65;371;0.0;0.6;0.2
1/06/05 14:44;1/06/05;14.44;1;0.0;52.75;62.45;1.02;1.04;5.42;11.54;0.89;0.79;633;741;8.08;8.66;371;0.0;0.5;0.2
1/06/05 14:45;1/06/05;14.45;1;0.0;52.69;62.26;1.02;1.04;5.42;11.63;0.89;0.79;633;741;8.08;8.66;371;0.0;0.6;0.2
1/06/05 14:46;1/06/05;14.46;1;0.0;52.67;62.2;1.02;1.03;5.42;11.57;0.89;0.79;633;741;8.08;8.66;371;0.0;0.6;0.2
1/06/05 14:47;1/06/05;14.47;1;0.0;52.33;62.17;1.02;1.03;5.41;11.52;0.89;0.79;633;741;8.08;8.65;371;0.0;0.6;0.2
1/06/05 14:48;1/06/05;14.48;1;0.0;52.7;62.4;1.02;1.04;5.41;11.49;0.89;0.79;633;741;8.09;8.66;371;0.0;0.6;0.0
1/06/05 14:49;1/06/05;14.49;1;0.0;52.68;62.24;1.02;1.04;5.41;11.62;0.89;0.79;633;741;8.08;8.65;371;0.0;0.6;0.0
1/06/05 14:50;1/06/05;14.50;1;0.0;52.75;62.26;1.02;1.04;5.41;11.57;0.89;0.79;633;741;8.08;8.65;371;0.0;0.6;0.0
1/06/05 14:51;1/06/05;14.51;1;0.0;52.67;62.18;1.02;1.04;5.41;11.56;0.89;0.79;633;741;8.08;8.66;371;0.0;0.6;0.0
1/06/05 14:52;1/06/05;14.52;1;0.0;52.29;62.13;1.02;1.04;5.41;11.66;0.89;0.79;633;741;8.08;8.65;371;0.0;0.6;0.1
1/06/05 14:53;1/06/05;14.53;1;0.0;52.62;62.27;1.01;1.04;5.42;11.56;0.89;0.79;633;741;8.08;8.65;371;0.0;0.6;0.1
1/06/05 14:54;1/06/05;14.54;1;0.0;52.71;62.23;1.01;1.04;5.41;11.46;0.89;0.79;633;741;8.07;8.66;371;0.0;0.6;0.1
1/06/05 14:55;1/06/05;14.55;1;0.0;52.66;62.24;1.01;1.04;5.41;11.64;0.89;0.79;632;741;8.07;8.66;371;0.0;0.6;0.0
1/06/05 14:56;1/06/05;14.56;1;0.0;52.74;62.37;1.01;1.04;5.42;11.65;0.89;0.79;632;741;8.08;8.66;371;0.0;0.5;0.1
1/06/05 14:57;1/06/05;14.57;1;0.0;52.28;62.11;1.01;1.04;5.41;11.56;0.89;0.79;632;741;8.08;8.65;371;0.0;0.6;0.1
1/06/05 14:58;1/06/05;14.58;1;0.0;52.61;62.26;1.02;1.04;5.41;11.58;0.89;0.79;632;741;8.08;8.65;371;0.0;0.6;0.2
1/06/05 14:59;1/06/05;14.59;1;0.0;52.66;62.13;1.02;1.04;5.41;11.53;0.89;0.79;632;741;8.09;8.65;371;0.0;0.6;0.2
1/06/05 15:00;1/06/05;15.00;1;0.0;52.65;57.8;1.02;1.04;5.41;11.61;0.89;0.78;632;741;8.08;8.66;371;0.0;0.6;0.3
1/06/05 15:01;1/06/05;15.01;1;2.2;52.66;62.16;1.02;1.04;5.41;11.56;0.89;0.79;633;741;8.08;8.66;371;0.0;0.6;0.2
1/06/05 15:02;1/06/05;15.02;1;2.2;52.4;62.1;1.02;1.04;5.41;11.63;0.89;0.78;633;741;8.09;8.66;371;0.0;0.6;0.2
1/06/05 15:03;1/06/05;15.03;1;2.2;52.7;62.17;1.02;1.05;5.41;11.57;0.88;0.79;632;741;8.08;8.65;371;0.0;0.6;0.2
1/06/05 15:04;1/06/05;15.04;1;2.2;52.67;62.14;1.02;1.04;5.41;11.61;0.83;0.78;632;741;8.09;8.66;371;0.0;0.6;0.2
1/06/05 15:05;1/06/05;15.05;1;2.2;52.6;62.06;1.01;1.04;5.41;11.56;0.49;0.78;632;741;8.08;8.65;371;0.0;0.6;0.2
1/06/05 15:06;1/06/05;15.06;1;2.2;52.81;62.21;1.01;1.04;5.41;11.58;0.23;0.78;631;741;8.07;8.66;371;0.0;0.6;0.2
1/06/05 15:07;1/06/05;15.07;1;2.2;52.77;62.29;1.01;1.05;5.41;11.53;0.14;0.78;629;741;8.08;8.66;371;0.0;0.5;0.2
1/06/05 15:08;1/06/05;15.08;1;2.2;53.33;62.29;0.53;1.04;5.4;11.52;0.12;0.78;626;741;8.07;8.66;371;0.0;0.6;0.0
1/06/05 15:09;1/06/05;15.09;1;2.2;53.33;62.11;0.53;1.04;5.4;11.57;0.11;0.78;622;741;8.08;8.66;371;0.0;0.6;0.0
1/06/05 15:10;1/06/05;15.10;1;2.2;53.48;62.07;0.24;1.04;5.4;11.63;0.1;0.78;618;741;8.09;8.66;371;0.0;0.5;0.0
1/06/05 15:11;1/06/05;15.11;1;2.2;53.45;62.22;0.24;1.04;5.4;11.57;0.1;0.78;614;741;8.08;8.66;371;0.0;0.6;0.0
1/06/05 15:12;1/06/05;15.12;1;2.2;53.11;62.13;0.24;1.04;5.4;11.53;0.11;0.78;610;741;8.09;8.66;371;0.0;0.6;0.0
1/06/05 15:13;1/06/05;15.13;1;2.2;53.52;62.00;0.19;1.05;5.4;11.59;0.1;0.78;606;741;8.09;8.66;371;0.0;0.6;0.1
1/06/05 15:14;1/06/05;15.14;1;2.2;53.51;62.03;0.19;1.04;5.4;11.56;0.1;0.78;603;741;8.08;8.65;371;0.0;0.5;0.1
1/06/05 15:15;1/06/05;15.15;1;2.2;53.56;62.05;0.17;1.04;5.4;11.48;0.11;0.78;599;741;8.08;8.66;371;0.0;0.6;0.1
1/06/05 15:16;1/06/05;15.16;1;2.2;53.68;62.21;0.17;1.04;5.4;11.54;0.1;0.78;596;741;8.08;8.66;371;0.0;0.5;0.1
1/06/05 15:17;1/06/05;15.17;1;2.2;53.05;62.14;0.17;1.04;5.4;11.55;0.1;0.78;592;741;8.07;8.66;371;0.0;0.5;0.1
1/06/05 15:18;1/06/05;15.18;1;2.2;53.56;61.96;0.18;1.03;5.4;11.57;0.11;0.78;589;741;8.07;8.65;371;0.0;0.5;0.2
1/06/05 15:19;1/06/05;15.19;1;2.2;53.6;62.1;0.18;1.03;5.4;11.56;0.11;0.78;586;741;8.07;8.66;371;0.0;0.5;0.2
1/06/05 15:20;1/06/05;15.20;1;2.2;53.65;62.18;0.18;1.03;5.4;11.51;0.1;0.78;583;741;8.08;8.66;371;0.0;0.6;0.2
1/06/05 15:21;1/06/05;15.21;1;2.2;53.56;62.16;0.18;1.04;5.4;11.53;0.11;0.78;581;741;8.07;8.66;371;0.0;0.5;0.2
1/06/05 15:22;1/06/05;15.22;1;2.2;53.08;62.11;0.18;1.04;5.39;11.5;0.12;0.78;578;741;8.07;8.66;371;0.0;0.6;0.2
1/06/05 15:23;1/06/05;15.23;1;2.2;53.58;62.01;0.18;1.04;5.39;11.64;0.12;0.78;576;741;8.08;8.66;371;0.0;0.6;0.1
1/06/05 15:24;1/06/05;15.24;1;2.2;53.52;62.1;0.18;1.04;5.39;11.65;0.27;0.74;574;741;8.08;8.66;371;0.0;0.6;0.1
1/06/05 15:25;1/06/05;15.25;1;2.2;53.35;62.1;0.19;1.04;5.39;11.64;0.58;0.56;572;741;8.08;8.66;371;0.0;0.6;0.1
1/06/05 15:26;1/06/05;15.26;1;2.2;53.04;62.05;0.19;0.98;5.39;11.5;0.79;0.37;571;741;8.08;8.66;371;0.0;0.6;0.1
1/06/05 15:27;1/06/05;15.27;1;2.2;52.52;62.33;0.19;0.98;5.39;11.55;0.85;0.25;573;741;8.08;8.66;371;0.0;0.5;0.1
1/06/05 15:28;1/06/05;15.28;1;2.2;52.92;62.69;0.69;0.39;5.39;11.63;0.86;0.18;577;741;8.09;8.65;371;0.0;0.5;0.0
1/06/05 15:29;1/06/05;15.29;1;2.2;52.72;62.75;0.69;0.39;5.39;11.48;0.87;0.15;582;741;8.09;8.65;371;0.0;0.5;0.0
1/06/05 15:30;1/06/05;15.30;1;2.2;52.75;62.86;0.95;0.39;5.39;11.59;0.87;0.13;587;741;8.09;8.65;371;0.0;0.5;0.0
1/06/05 15:31;1/06/05;15.31;1;2.2;52.57;63.18;0.95;0.23;5.39;11.59;0.87;0.12;591;741;8.1;8.65;371;0.0;0.5;0.0
1/06/05 15:32;1/06/05;15.32;1;2.2;52.23;63.06;0.95;0.23;5.39;11.5;0.87;0.11;596;740;8.1;8.65;371;0.0;0.6;0.0
1/06/05 15:33;1/06/05;15.33;1;2.2;52.58;63.23;1.00;0.2;5.39;11.52;0.88;0.11;599;740;8.1;8.65;371;0.0;0.5;0.1
1/06/05 15:34;1/06/05;15.34;1;2.2;52.61;63.27;1.00;0.2;5.39;11.49;0.88;0.1;603;739;8.1;8.65;371;0.0;0.6;0.1
1/06/05 15:35;1/06/05;15.35;1;2.2;52.55;63.42;1.01;0.2;5.38;11.54;0.88;0.1;606;739;8.1;8.65;371;0.0;0.6;0.1
1/06/05 15:36;1/06/05;15.36;1;2.2;52.54;63.54;1.01;0.19;5.39;11.49;0.88;0.1;609;739;8.1;8.65;371;0.0;0.6;0.1
1/06/05 15:37;1/06/05;15.37;1;2.2;52.21;63.53;1.01;0.19;5.38;11.63;0.88;0.1;611;738;8.11;8.65;371;0.0;0.6;0.1
1/06/05 15:38;1/06/05;15.38;1;2.2;52.46;63.38;1.01;0.2;5.38;11.57;0.88;0.1;614;738;8.11;8.65;371;0.0;0.6;0.1
1/06/05 15:39;1/06/05;15.39;1;2.2;52.53;63.6;1.01;0.2;5.38;11.49;0.87;0.1;616;737;8.11;8.65;371;0.0;0.6;0.1
1/06/05 15:40;1/06/05;15.40;1;2.2;52.41;63.62;1.01;0.2;5.38;11.45;0.87;0.1;618;737;8.11;8.65;371;0.0;0.6;0.1
1/06/05 15:41;1/06/05;15.41;1;2.2;52.49;63.88;1.01;0.2;5.38;11.52;0.87;0.1;619;737;8.11;8.65;371;0.0;0.5;0.1
1/06/05 15:42;1/06/05;15.42;1;2.2;52.06;63.56;1.01;0.21;5.38;11.55;0.88;0.1;621;736;8.11;8.65;371;0.0;0.6;0.1
1/06/05 15:43;1/06/05;15.43;1;2.2;52.48;63.55;1.02;0.21;5.38;11.58;0.88;0.11;622;736;8.11;8.65;371;0.0;0.6;0.1
1/06/05 15:44;1/06/05;15.44;1;2.2;52.49;63.74;1.02;0.21;5.38;11.51;0.88;0.18;624;736;8.1;8.65;371;0.0;0.5;0.1
1/06/05 15:45;1/06/05;15.45;1;2.2;52.48;63.72;1.01;0.21;5.38;11.57;0.88;0.36;625;735;8.11;8.65;371;0.0;0.6;0.1
1/06/05 15:46;1/06/05;15.46;1;2.2;52.55;63.55;1.01;0.3;5.38;11.46;0.88;0.55;626;735;8.1;8.65;371;0.0;0.6;0.1
1/06/05 15:47;1/06/05;15.47;1;2.2;52.11;63.24;1.01;0.3;5.37;11.59;0.88;0.66;627;734;8.11;8.65;371;0.0;0.6;0.1
1/06/05 15:48;1/06/05;15.48;1;2.2;52.48;62.98;1.01;0.85;5.37;11.53;0.88;0.71;628;734;8.1;8.65;371;0.0;0.6;0.1
1/06/05 15:49;1/06/05;15.49;1;2.2;52.44;62.95;1.01;0.85;5.38;11.52;0.88;0.74;629;734;8.1;8.66;371;0.0;0.6;0.1
1/06/05 15:50;1/06/05;15.50;1;2.2;52.35;62.78;1.01;0.85;5.38;11.5;0.88;0.75;630;734;8.1;8.66;371;0.0;0.5;0.1
1/06/05 15:51;1/06/05;15.51;1;2.2;52.41;62.69;1.01;1.01;5.37;11.5;0.88;0.76;631;734;8.1;8.66;371;0.0;0.6;0.1
1/06/05 15:52;1/06/05;15.52;1;2.2;52.03;62.57;1.01;1.00;5.37;11.44;0.88;0.76;632;734;8.11;8.66;371;0.0;0.6;0.1
1/06/05 15:53;1/06/05;15.53;1;2.2;52.35;62.45;1.01;1.02;5.37;11.6;0.88;0.77;632;734;8.1;8.66;371;0.0;0.5;0.1
1/06/05 15:54;1/06/05;15.54;1;2.2;52.47;62.59;1.01;1.02;5.36;11.6;0.88;0.77;633;734;8.1;8.66;371;0.0;0.6;0.1
1/06/05 15:55;1/06/05;15.55;1;2.2;52.38;62.53;1.01;1.03;5.37;11.52;0.88;0.77;634;734;8.1;8.66;371;0.0;0.5;0.1
1/06/05 15:56;1/06/05;15.56;1;2.2;52.44;62.44;1.01;1.04;5.37;11.54;0.88;0.77;634;734;8.1;8.66;371;0.0;0.6;0.1
1/06/05 15:57;1/06/05;15.57;1;2.2;52.04;62.38;1.01;1.04;5.36;11.53;0.88;0.77;635;734;8.1;8.66;371;0.0;0.5;0.1
1/06/05 15:58;1/06/05;15.58;1;2.2;52.41;62.36;1.01;1.03;5.36;11.46;0.88;0.77;635;734;8.1;8.66;371;0.0;0.5;0.0
1/06/05 15:59;1/06/05;15.59;1;2.2;52.38;62.36;1.01;1.03;5.36;11.51;0.88;0.77;636;735;8.09;8.66;371;0.0;0.6;0.0
1/06/05 16:00;1/06/05;16.00;1;2.2;52.45;57.76;1.01;1.03;5.36;11.63;0.88;0.77;636;735;8.1;8.66;371;0.0;0.6;0.0
1/06/05 16:01;1/06/05;16.01;1;2.2;52.38;62.38;1.01;1.03;5.36;11.47;0.88;0.77;637;735;8.1;8.66;371;0.0;0.5;0.0
1/06/05 16:02;1/06/05;16.02;1;2.2;51.94;62.24;1.01;1.03;5.36;11.49;0.88;0.77;637;735;8.1;8.66;371;0.0;0.5;0.0
1/06/05 16:03;1/06/05;16.03;1;2.2;52.4;62.29;1.02;1.03;5.36;11.52;0.88;0.77;637;735;8.09;8.66;371;0.0;0.5;0.1
1/06/05 16:04;1/06/05;16.04;1;2.2;52.35;62.25;1.02;1.03;5.36;11.42;0.88;0.77;637;735;8.09;8.66;371;0.0;0.6;0.1
1/06/05 16:05;1/06/05;16.05;1;2.2;52.37;62.28;1.01;1.03;5.36;11.61;0.88;0.77;637;735;8.1;8.66;371;0.0;0.6;0.0
1/06/05 16:06;1/06/05;16.06;1;2.2;52.36;62.26;1.01;1.04;5.36;11.56;0.88;0.77;638;735;8.09;8.66;371;0.0;0.6;0.1
1/06/05 16:07;1/06/05;16.07;1;2.2;52.00;62.19;1.01;1.04;5.35;11.46;0.88;0.77;638;735;8.09;8.66;371;0.0;0.5;0.1
1/06/05 16:08;1/06/05;16.08;1;2.2;52.35;62.23;1.01;1.04;5.36;11.55;0.88;0.77;638;735;8.1;8.66;371;0.0;0.5;0.2
1/06/05 16:09;1/06/05;16.09;1;2.2;52.35;62.17;1.01;1.04;5.35;11.47;0.88;0.77;638;735;8.09;8.66;371;0.0;0.5;0.2
1/06/05 16:10;1/06/05;16.10;1;2.2;52.41;62.1;1.01;1.04;5.35;11.46;0.88;0.77;638;735;8.09;8.66;371;0.0;0.6;0.2
1/06/05 16:11;1/06/05;16.11;1;2.2;52.32;62.13;1.01;1.04;5.35;11.47;0.88;0.77;639;735;8.09;8.66;371;0.0;0.5;0.2
1/06/05 16:12;1/06/05;16.12;1;2.2;52.06;62.14;1.01;1.04;5.35;11.5;0.88;0.77;639;736;8.08;8.66;371;0.0;0.6;0.2
1/06/05 16:13;1/06/05;16.13;1;2.2;52.38;62.15;1.01;1.04;5.35;11.54;0.88;0.77;639;736;8.09;8.66;371;0.0;0.6;0.0
1/06/05 16:14;1/06/05;16.14;1;2.2;52.31;62.13;1.01;1.04;5.35;11.48;0.88;0.77;639;736;8.09;8.66;371;0.0;0.5;0.0
1/06/05 16:15;1/06/05;16.15;1;2.2;52.38;62.15;1.01;1.04;5.35;11.52;0.88;0.77;639;736;8.09;8.66;371;0.0;0.5;0.0
1/27/05 10:45;1/27/05;10.45;2;0.0;17.00;18.97;0.99;1.02;14.88;13.72;0.89;0.89;610;730;7.2;8.73;292;294;0.8;0.0
1/27/05 10:46;1/27/05;10.46;2;0.0;17.09;18.94;0.99;1.02;14.87;13.67;0.89;0.89;610;730;7.2;8.73;292;294;0.8;0.0
1/27/05 10:47;1/27/05;10.47;2;0.0;17.11;18.96;0.99;1.02;14.94;13.6;0.89;0.89;609;730;7.19;8.73;293;294;0.8;0.0
1/27/05 10:48;1/27/05;10.48;2;0.0;17.13;18.95;0.99;1.02;14.91;13.72;0.89;0.88;609;730;7.19;8.73;292;294;0.8;0.0
1/27/05 10:49;1/27/05;10.49;2;0.0;17.11;18.99;0.99;1.02;14.85;13.74;0.89;0.89;609;730;7.2;8.73;293;294;0.8;0.0
1/27/05 10:50;1/27/05;10.50;2;0.0;17.11;19.00;0.99;1.02;14.87;13.71;0.89;0.89;609;730;7.19;8.74;293;294;0.8;0.0
1/27/05 10:51;1/27/05;10.51;2;0.0;17.15;19.00;0.99;1.02;14.87;13.71;0.89;0.89;609;730;7.2;8.73;293;295;0.8;0.0
1/27/05 10:52;1/27/05;10.52;2;0.0;17.15;19.03;0.99;1.02;14.82;13.67;0.89;0.89;609;730;7.19;8.73;293;294;0.9;0.0
1/27/05 10:53;1/27/05;10.53;2;0.0;17.09;19.06;0.99;1.02;14.88;13.69;0.89;0.88;610;730;7.2;8.73;293;294;0.8;0.0
1/27/05 10:54;1/27/05;10.54;2;0.0;17.14;19.03;0.99;1.01;14.84;13.73;0.89;0.89;610;731;7.2;8.73;292;295;0.8;0.2
1/27/05 10:55;1/27/05;10.55;2;0.0;17.09;18.99;0.99;1.01;14.85;13.73;0.89;0.89;609;731;7.2;8.74;292;294;0.7;0.2
1/27/05 10:56;1/27/05;10.56;2;0.0;17.16;19.01;0.99;1.01;14.77;13.74;0.89;0.89;609;731;7.2;8.73;292;294;0.9;0.2
1/27/05 10:57;1/27/05;10.57;2;0.0;17.14;19.02;0.99;1.01;14.89;13.64;0.89;0.88;609;731;7.2;8.73;293;294;0.8;0.2
1/27/05 10:58;1/27/05;10.58;2;0.0;17.08;19.07;0.99;1.01;14.86;13.75;0.89;0.89;610;731;7.2;8.73;292;294;0.9;0.2
1/27/05 10:59;1/27/05;10.59;2;0.0;17.1;19.1;0.99;1.02;14.83;13.65;0.89;0.89;610;731;7.2;8.74;292;294;0.8;0.2
1/27/05 11:00;1/27/05;11.00;2;0.0;17.21;18.94;0.99;1.02;14.81;13.71;0.89;0.89;610;731;7.2;8.73;293;294;0.7;0.2
1/27/05 11:01;1/27/05;11.01;2;0.0;17.14;19.12;0.99;1.02;14.95;13.72;0.89;0.88;610;731;7.21;8.74;293;294;0.8;0.2
1/27/05 11:02;1/27/05;11.02;2;0.0;17.2;19.09;0.99;1.02;14.93;13.68;0.89;0.89;610;731;7.2;8.74;293;295;0.8;0.1
1/27/05 11:03;1/27/05;11.03;2;0.0;17.15;19.15;0.99;1.02;14.85;13.66;0.89;0.89;610;731;7.2;8.74;293;295;0.9;0.2
1/27/05 11:04;1/27/05;11.04;2;0.0;17.2;19.11;0.99;1.01;14.86;13.66;0.89;0.89;610;731;7.2;8.74;293;295;0.9;0.2
1/27/05 11:05;1/27/05;11.05;2;0.0;17.15;19.1;0.99;1.01;14.83;13.7;0.89;0.88;611;731;7.2;8.73;292;294;0.6;0.2
1/27/05 11:06;1/27/05;11.06;2;0.0;17.2;19.11;0.99;1.01;14.87;13.75;0.89;0.88;610;731;7.19;8.74;292;295;0.8;0.2
1/27/05 11:07;1/27/05;11.07;2;0.0;17.2;19.11;0.99;1.01;14.86;13.7;0.89;0.89;610;731;7.2;8.73;293;295;0.8;0.2
1/27/05 11:08;1/27/05;11.08;2;0.0;17.18;19.1;0.99;1.01;14.84;13.69;0.89;0.88;611;731;7.19;8.74;293;295;0.8;0.2
1/27/05 11:09;1/27/05;11.09;2;0.0;17.19;19.08;0.99;1.02;14.83;13.7;0.89;0.89;611;731;7.19;8.74;293;294;0.8;0.0
1/27/05 11:10;1/27/05;11.10;2;0.0;17.15;19.09;0.99;1.02;14.93;13.73;0.89;0.89;611;731;7.19;8.74;292;294;0.8;0.0
1/27/05 11:11;1/27/05;11.11;2;0.0;17.14;19.15;0.99;1.01;14.88;13.68;0.89;0.88;611;731;7.2;8.74;293;294;0.8;0.0
1/27/05 11:12;1/27/05;11.12;2;0.0;17.16;19.17;0.99;1.01;14.97;13.73;0.89;0.89;611;731;7.19;8.74;293;295;0.8;0.0
1/27/05 11:13;1/27/05;11.13;2;0.0;17.25;19.15;0.99;1.01;14.84;13.69;0.89;0.88;611;731;7.2;8.74;293;295;0.8;0.0
1/27/05 11:14;1/27/05;11.14;2;0.0;17.18;19.23;0.99;1.01;14.84;13.71;0.89;0.88;610;731;7.19;8.74;293;295;0.8;0.1
1/27/05 11:15;1/27/05;11.15;2;0.0;17.14;19.03;0.99;1.01;14.93;13.64;0.89;0.89;610;731;7.19;8.74;293;295;0.8;0.1
1/27/05 11:16;1/27/05;11.16;2;0.2;17.16;19.16;0.99;1.02;14.91;13.69;0.89;0.89;610;731;7.19;8.74;293;295;0.8;0.1
1/27/05 11:17;1/27/05;11.17;2;0.2;17.23;19.13;0.99;1.02;14.96;13.69;0.89;0.89;610;731;7.19;8.74;293;295;0.8;0.1
1/27/05 11:18;1/27/05;11.18;2;0.2;17.21;19.11;0.99;1.02;14.95;13.75;0.89;0.88;610;731;7.2;8.74;293;295;0.9;0.1
1/27/05 11:19;1/27/05;11.19;2;0.2;17.14;19.14;0.99;1.01;14.97;13.65;0.89;0.89;611;731;7.19;8.74;293;295;0.9;0.1
1/27/05 11:20;1/27/05;11.20;2;0.2;17.1;18.95;0.99;1.01;14.87;13.72;0.88;0.89;611;731;7.19;8.74;293;295;0.7;0.1
1/27/05 11:21;1/27/05;11.21;2;0.2;17.13;19.13;0.99;1.01;14.92;13.75;0.85;0.89;611;731;7.19;8.74;292;294;0.8;0.1
1/27/05 11:22;1/27/05;11.22;2;0.2;17.13;19.12;0.97;1.01;14.89;13.76;0.82;0.89;611;731;7.2;8.74;293;294;0.8;0.1
1/27/05 11:23;1/27/05;11.23;2;0.2;17.15;18.96;0.97;1.01;14.84;13.7;0.82;0.89;610;731;7.2;8.74;292;295;0.8;0.1
1/27/05 11:24;1/27/05;11.24;2;0.2;17.2;19.15;0.97;1.02;14.94;13.75;0.82;0.89;610;731;7.19;8.74;293;294;0.8;0.0
1/27/05 11:25;1/27/05;11.25;2;0.2;17.23;19.08;0.92;1.02;14.84;13.69;0.82;0.89;610;731;7.2;8.74;293;294;0.5;0.0
1/27/05 11:26;1/27/05;11.26;2;0.2;17.33;19.12;0.92;1.02;14.84;13.78;0.82;0.89;610;731;7.2;8.74;293;294;0.9;0.1
1/27/05 11:27;1/27/05;11.27;2;0.2;17.32;19.14;0.91;1.02;14.83;13.67;0.82;0.89;609;731;7.2;8.74;293;294;0.9;0.1
1/27/05 11:28;1/27/05;11.28;2;0.2;17.3;19.13;0.91;1.02;14.77;13.76;0.81;0.89;609;731;7.2;8.74;293;295;0.9;0.0
1/27/05 11:29;1/27/05;11.29;2;0.2;17.31;19.15;0.91;1.01;14.8;13.74;0.81;0.89;608;731;7.2;8.74;293;295;0.9;0.1
1/27/05 11:30;1/27/05;11.30;2;0.2;17.23;19.18;0.9;1.01;14.81;13.64;0.82;0.89;608;731;7.19;8.74;293;295;0.9;0.1
1/27/05 11:31;1/27/05;11.31;2;0.2;17.31;19.15;0.9;1.02;14.81;13.7;0.81;0.89;606;731;7.21;8.74;293;295;0.8;0.1
1/27/05 11:32;1/27/05;11.32;2;0.2;17.33;19.17;0.9;1.02;14.9;13.65;0.81;0.89;606;731;7.2;8.74;293;295;0.8;0.1
1/27/05 11:33;1/27/05;11.33;2;0.2;17.31;19.15;0.9;1.02;14.84;13.62;0.82;0.89;605;731;7.2;8.74;293;295;0.9;0.1
1/27/05 11:34;1/27/05;11.34;2;0.2;17.32;19.19;0.9;1.02;14.88;13.65;0.82;0.89;605;731;7.21;8.74;293;295;0.8;0.0
1/27/05 11:35;1/27/05;11.35;2;0.2;17.29;19.15;0.9;1.02;14.89;13.6;0.81;0.89;604;731;7.2;8.74;293;295;0.7;0.0
1/27/05 11:36;1/27/05;11.36;2;0.2;17.24;19.2;0.9;1.01;14.9;13.69;0.81;0.89;604;731;7.2;8.74;293;295;0.8;0.0
1/27/05 11:37;1/27/05;11.37;2;0.2;17.3;19.24;0.9;1.01;14.83;13.71;0.81;0.89;604;731;7.2;8.74;293;295;0.8;0.0
1/27/05 11:38;1/27/05;11.38;2;0.2;17.35;19.21;0.9;1.01;14.88;13.69;0.81;0.88;603;731;7.21;8.74;293;295;0.8;0.0
1/27/05 11:39;1/27/05;11.39;2;0.2;17.38;19.24;0.9;1.01;14.9;13.67;0.81;0.88;603;731;7.2;8.74;293;295;0.8;0.1
1/27/05 11:40;1/27/05;11.40;2;0.2;17.24;19.23;0.9;1.01;14.82;13.72;0.83;0.88;603;732;7.2;8.74;293;295;0.8;0.0
1/27/05 11:41;1/27/05;11.41;2;0.2;17.29;19.23;0.9;1.0;14.87;13.68;0.87;0.87;602;732;7.2;8.74;293;295;0.9;0.1
1/27/05 11:42;1/27/05;11.42;2;0.2;17.32;19.21;0.92;1.0;14.9;13.74;0.88;0.85;602;732;7.2;8.74;293;295;0.8;0.1
1/27/05 11:43;1/27/05;11.43;2;0.2;17.32;19.19;0.92;1.0;14.9;13.74;0.88;0.83;602;732;7.2;8.74;293;295;0.8;0.1
1/27/05 11:44;1/27/05;11.44;2;0.2;17.26;19.26;0.92;0.96;14.86;13.59;0.89;0.83;601;732;7.2;8.74;293;295;0.8;0.0
1/27/05 11:45;1/27/05;11.45;2;0.2;17.21;19.23;0.98;0.96;14.82;13.6;0.89;0.82;602;732;7.19;8.74;293;294;0.8;0.0
1/27/05 11:46;1/27/05;11.46;2;0.2;17.3;19.22;0.98;0.94;14.88;13.58;0.89;0.82;602;732;7.2;8.74;293;294;0.8;0.0
1/27/05 11:47;1/27/05;11.47;2;0.2;17.27;19.24;0.98;0.94;14.84;13.64;0.89;0.82;602;732;7.19;8.74;293;295;0.9;0.1
1/27/05 11:48;1/27/05;11.48;2;0.2;17.24;19.23;0.98;0.93;14.89;13.63;0.89;0.82;603;732;7.2;8.74;293;294;0.8;0.0
1/27/05 11:49;1/27/05;11.49;2;0.2;17.31;19.23;0.98;0.94;14.91;13.61;0.89;0.82;604;732;7.2;8.74;293;295;0.9;0.1
1/27/05 11:50;1/27/05;11.50;2;0.2;17.24;19.23;0.99;0.93;14.86;13.66;0.89;0.82;604;732;7.2;8.74;293;295;0.1;0.1
1/27/05 11:51;1/27/05;11.51;2;0.2;17.27;19.22;0.99;0.92;14.81;13.77;0.89;0.82;605;732;7.2;8.74;293;294;0.9;0.0
1/27/05 11:52;1/27/05;11.52;2;0.2;17.29;19.22;0.99;0.92;14.89;13.69;0.89;0.82;605;732;7.2;8.74;293;295;0.9;0.1
1/27/05 11:53;1/27/05;11.53;2;0.2;17.23;19.13;0.99;0.92;14.87;13.66;0.89;0.82;606;732;7.2;8.74;293;295;0.8;0.0
1/27/05 11:54;1/27/05;11.54;2;0.2;17.25;19.28;0.99;0.93;14.84;13.7;0.89;0.82;606;732;7.19;8.74;293;295;0.8;0.1
1/27/05 11:55;1/27/05;11.55;2;0.2;17.24;19.23;0.99;0.93;14.88;13.69;0.89;0.82;606;732;7.2;8.74;293;295;0.3;0.0
1/27/05 11:56;1/27/05;11.56;2;0.2;17.28;19.23;0.99;0.92;14.91;13.7;0.89;0.82;606;732;7.2;8.74;293;295;0.9;0.0
1/27/05 11:57;1/27/05;11.57;2;0.2;17.27;19.24;0.98;0.92;14.84;13.68;0.89;0.82;606;732;7.19;8.74;293;295;0.9;0.0
1/27/05 11:58;1/27/05;11.58;2;0.2;17.23;19.24;0.98;0.92;14.87;13.73;0.89;0.82;606;732;7.19;8.74;293;295;0.8;0.0
1/27/05 11:59;1/27/05;11.59;2;0.2;17.28;19.25;0.98;0.92;14.78;13.73;0.89;0.82;606;732;7.19;8.74;293;295;0.8;0.1
1/27/05 12:00;1/27/05;12.00;2;0.2;17.25;19.1;0.99;0.92;14.87;13.66;0.89;0.82;606;732;7.2;8.73;293;295;0.9;0.2
1/27/05 12:01;1/27/05;12.01;2;0.2;17.26;19.27;0.99;0.93;14.83;13.74;0.89;0.85;606;732;7.19;8.74;293;295;0.8;0.2
1/27/05 12:02;1/27/05;12.02;2;0.2;17.24;19.25;0.99;0.93;14.86;13.73;0.89;0.87;606;732;7.2;8.74;293;295;0.9;0.2
1/27/05 12:03;1/27/05;12.03;2;0.2;17.24;19.25;0.99;0.93;14.84;13.66;0.89;0.88;606;732;7.2;8.75;293;295;0.9;0.2
1/27/05 12:04;1/27/05;12.04;2;0.2;17.31;19.21;0.99;0.98;14.9;13.77;0.89;0.89;606;732;7.2;8.74;293;295;0.9;0.2
1/27/05 12:05;1/27/05;12.05;2;0.2;17.2;19.2;0.98;0.98;14.83;13.69;0.89;0.89;606;732;7.2;8.75;293;295;0.5;0.2
1/27/05 12:06;1/27/05;12.06;2;0.2;17.24;19.1;0.98;1.0;14.87;13.78;0.89;0.89;606;732;7.2;8.74;293;295;0.9;0.2
1/27/05 12:07;1/27/05;12.07;2;0.2;17.21;19.1;0.98;1.0;14.87;13.6;0.89;0.89;606;732;7.2;8.75;293;295;0.9;0.2
1/27/05 12:08;1/27/05;12.08;2;0.2;17.32;19.11;0.98;1.0;14.91;13.65;0.89;0.89;606;731;7.2;8.74;293;295;0.9;0.2
1/27/05 12:09;1/27/05;12.09;2;0.2;17.32;19.14;0.98;1.0;14.82;13.73;0.89;0.89;606;731;7.21;8.75;293;295;0.8;0.4
1/27/05 12:10;1/27/05;12.10;2;0.2;17.22;19.15;0.98;1.0;14.9;13.67;0.89;0.89;606;731;7.2;8.74;293;295;0.5;0.3
1/27/05 12:11;1/27/05;12.11;2;0.2;17.24;19.12;0.98;1.01;14.88;13.62;0.89;0.89;606;731;7.2;8.75;293;295;0.8;0.3
1/27/05 12:12;1/27/05;12.12;2;0.2;17.31;19.18;0.98;1.01;14.9;13.6;0.89;0.89;606;731;7.2;8.75;293;295;0.9;0.3
1/27/05 12:13;1/27/05;12.13;2;0.2;17.27;19.13;0.98;1.01;14.85;13.64;0.89;0.89;606;731;7.2;8.75;293;295;0.8;0.3
1/27/05 12:14;1/27/05;12.14;2;0.2;17.26;19.15;0.98;1.0;14.9;13.71;0.89;0.89;606;731;7.2;8.74;293;295;0.8;0.1
1/27/05 12:15;1/27/05;12.15;2;0.2;17.21;19.22;0.98;1.0;14.85;13.65;0.89;0.89;606;731;7.2;8.74;293;295;0.6;0.0
1/27/05 12:16;1/27/05;12.16;2;0.2;17.25;19.15;0.98;1.0;14.84;13.6;0.89;0.89;606;731;7.2;8.75;293;295;0.7;0.1
1/27/05 12:17;1/27/05;12.17;2;0.2;17.31;19.19;0.99;1.0;14.84;13.62;0.89;0.89;605;731;7.2;8.74;293;295;0.9;0.1
1/27/05 12:18;1/27/05;12.18;2;0.2;17.25;19.2;0.99;1.0;14.86;13.72;0.89;0.89;605;731;7.2;8.75;293;295;0.8;0.1
1/27/05 12:19;1/27/05;12.19;2;0.2;17.26;19.22;0.99;1.0;14.87;13.74;0.89;0.89;605;731;7.2;8.74;293;295;0.8;0.0
1/27/05 12:20;1/27/05;12.20;2;0.2;17.25;19.15;0.98;1.0;14.82;13.55;0.89;0.89;605;731;7.2;8.75;293;295;0.9;0.0
1/27/05 12:21;1/27/05;12.21;2;0.2;17.23;19.19;0.98;1.0;14.86;13.5;0.89;0.9;604;732;7.2;8.75;293;295;0.9;0.0
1/27/05 12:22;1/27/05;12.22;2;0.2;17.22;19.19;0.99;1.0;14.84;13.67;0.89;0.89;605;732;7.21;8.75;293;295;0.8;0.0
1/27/05 12:23;1/27/05;12.23;2;0.2;17.27;19.13;0.99;1.0;14.87;13.64;0.89;0.89;606;732;7.21;8.75;293;295;0.8;0.0
1/27/05 12:24;1/27/05;12.24;2;0.2;17.26;19.07;0.99;1.01;14.81;13.59;0.89;0.9;606;732;7.2;8.75;293;295;0.9;0.0
1/27/05 12:25;1/27/05;12.25;2;0.2;17.19;19.07;0.98;1.01;14.83;13.73;0.89;0.89;605;732;7.2;8.74;293;295;0.6;0.0
1/27/05 12:26;1/27/05;12.26;2;0.2;17.24;19.17;0.99;1.01;14.79;13.58;0.89;0.9;605;732;7.2;8.74;293;295;0.9;0.0
1/27/05 12:27;1/27/05;12.27;2;0.2;17.25;19.09;0.98;1.01;14.83;13.67;0.89;0.9;604;732;7.21;8.74;293;295;0.9;0.0
1/27/05 12:28;1/27/05;12.28;2;0.2;17.26;19.16;0.98;1.01;14.84;13.61;0.89;0.9;604;732;7.21;8.74;293;295;0.9;0.0
1/27/05 12:29;1/27/05;12.29;2;0.2;17.27;19.16;0.98;1.01;14.88;13.67;0.89;0.9;604;732;7.21;8.75;293;295;0.9;0.1
1/27/05 12:30;1/27/05;12.30;2;0.2;17.22;19.08;0.98;1.01;14.83;13.64;0.89;0.9;604;732;7.21;8.75;293;295;0.9;0.1
1/27/05 13:15;1/27/05;13.15;2;0.0;17.21;19.07;0.98;1.0;14.77;13.59;0.89;0.89;603;730;7.21;8.75;293;295;1.0;0.1
1/27/05 13:16;1/27/05;13.16;2;0.0;17.27;19.14;0.98;1.0;14.81;13.58;0.89;0.89;602;730;7.2;8.75;293;295;0.9;0.1
1/27/05 13:17;1/27/05;13.17;2;0.0;17.25;19.08;0.98;1.01;14.77;13.62;0.88;0.89;602;730;7.2;8.75;293;295;0.8;0.1
1/27/05 13:18;1/27/05;13.18;2;0.0;17.26;19.04;0.98;1.0;14.73;13.56;0.88;0.89;602;730;7.21;8.75;293;295;0.8;0.1
1/27/05 13:19;1/27/05;13.19;2;0.0;17.26;19.06;0.98;1.0;14.79;13.52;0.89;0.9;603;730;7.21;8.75;293;295;0.8;0.0
1/27/05 13:20;1/27/05;13.20;2;0.0;17.21;19.07;0.98;1.0;14.71;13.49;0.88;0.9;603;730;7.2;8.75;293;295;0.6;0.0
1/27/05 13:21;1/27/05;13.21;2;0.0;17.26;19.06;0.98;1.0;14.76;13.51;0.88;0.9;603;730;7.2;8.75;293;295;0.8;0.0
1/27/05 13:22;1/27/05;13.22;2;0.0;17.24;19.06;0.98;1.0;14.75;13.55;0.88;0.9;603;730;7.2;8.75;293;295;0.8;0.0
1/27/05 13:23;1/27/05;13.23;2;0.0;17.26;19.01;0.98;1.0;14.8;13.7;0.89;0.9;603;730;7.2;8.75;293;295;0.8;0.0
1/27/05 13:24;1/27/05;13.24;2;0.0;17.22;19.03;0.98;1.0;14.75;13.64;0.89;0.9;603;730;7.2;8.75;293;295;0.8;0.1
1/27/05 13:25;1/27/05;13.25;2;0.0;17.23;19.03;0.97;1.0;14.75;13.62;0.88;0.9;603;730;7.19;8.75;293;295;0.5;0.1
1/27/05 13:26;1/27/05;13.26;2;0.0;17.3;18.95;0.97;1.0;14.85;13.59;0.89;0.9;603;730;7.19;8.75;293;295;0.8;0.1
1/27/05 13:27;1/27/05;13.27;2;0.0;17.21;19.00;0.99;1.0;14.81;13.58;0.89;0.9;603;730;7.19;8.75;292;295;0.9;0.1
1/27/05 13:28;1/27/05;13.28;2;0.0;17.22;19.00;0.99;1.0;14.75;13.57;0.89;0.9;602;730;7.19;8.75;293;295;1.0;0.1
1/27/05 13:29;1/27/05;13.29;2;0.0;17.26;18.95;0.99;1.0;14.83;13.48;0.89;0.9;602;730;7.2;8.75;293;295;0.9;0.0
1/27/05 13:30;1/27/05;13.30;2;0.0;17.19;19.02;0.98;1.0;14.83;13.67;0.89;0.9;602;730;7.19;8.75;293;295;0.8;0.0
1/27/05 13:31;1/27/05;13.31;2;0.0;17.25;18.95;0.98;1.0;14.73;13.57;0.89;0.9;602;730;7.2;8.75;293;295;0.8;0.0
1/27/05 13:32;1/27/05;13.32;2;0.0;17.23;19.02;0.98;1.0;14.83;13.55;0.89;0.9;602;730;7.2;8.75;293;295;0.9;0.0
1/27/05 13:33;1/27/05;13.33;2;0.0;17.24;18.99;0.97;1.0;14.72;13.57;0.89;0.9;602;730;7.2;8.75;293;295;0.9;0.0
1/27/05 13:34;1/27/05;13.34;2;0.0;17.26;18.94;0.98;1.0;14.81;13.52;0.88;0.9;602;730;7.2;8.75;293;295;0.9;0.0
1/27/05 13:35;1/27/05;13.35;2;0.0;17.22;18.96;0.98;1.0;14.74;13.57;0.88;0.9;602;730;7.2;8.75;293;295;1.0;0.0
1/27/05 13:36;1/27/05;13.36;2;0.0;17.27;19.04;0.97;1.0;14.8;13.57;0.88;0.9;602;730;7.2;8.75;293;295;0.9;0.0
1/27/05 13:37;1/27/05;13.37;2;0.0;17.24;19.02;0.98;1.0;14.79;13.58;0.89;0.9;602;729;7.19;8.75;293;295;0.8;0.0
1/27/05 13:38;1/27/05;13.38;2;0.0;17.27;18.94;0.98;1.0;14.76;13.52;0.89;0.9;602;729;7.2;8.75;293;295;0.9;0.0
1/27/05 13:39;1/27/05;13.39;2;0.0;17.25;19.05;0.98;1.0;14.81;13.53;0.88;0.9;602;729;7.2;8.75;293;295;0.8;0.0
1/27/05 13:40;1/27/05;13.40;2;0.0;17.21;19.04;0.97;1.0;14.76;13.53;0.89;0.9;602;729;7.19;8.75;293;295;0.9;0.0
1/27/05 13:41;1/27/05;13.41;2;0.0;17.27;18.96;0.98;1.0;14.72;13.56;0.88;0.9;601;729;7.19;8.75;293;295;0.9;0.0
1/27/05 13:42;1/27/05;13.42;2;0.0;17.24;19.03;0.98;1.0;14.69;13.53;0.89;0.9;600;729;7.19;8.75;293;295;0.8;0.1
1/27/05 13:43;1/27/05;13.43;2;0.0;17.25;18.98;0.98;1.0;14.75;13.52;0.88;0.9;600;729;7.19;8.75;293;295;0.8;0.0
1/27/05 13:44;1/27/05;13.44;2;0.0;17.27;18.95;0.98;1.0;14.8;13.61;0.88;0.9;600;729;7.2;8.75;293;295;0.8;0.2
1/27/05 13:45;1/27/05;13.45;2;1.1;17.24;18.94;0.97;1.0;14.76;13.69;0.89;0.9;599;729;7.19;8.75;293;295;0.8;0.2
1/27/05 13:46;1/27/05;13.46;2;1.1;17.25;18.96;0.98;1.0;14.73;13.55;0.89;0.9;599;729;7.19;8.75;293;295;0.8;0.2
1/27/05 13:47;1/27/05;13.47;2;1.1;17.21;18.93;0.98;1.0;14.79;13.57;0.89;0.9;599;729;7.19;8.75;293;295;0.9;0.2
1/27/05 13:48;1/27/05;13.48;2;1.1;17.26;18.89;0.98;1.0;14.73;13.51;0.88;0.9;599;729;7.19;8.75;293;295;0.9;0.2
1/27/05 13:49;1/27/05;13.49;2;1.1;17.26;18.94;0.98;1.0;14.7;13.71;0.81;0.9;599;729;7.2;8.75;293;295;0.8;0.0
1/27/05 13:50;1/27/05;13.50;2;1.1;17.25;18.94;0.98;1.0;14.75;13.56;0.61;0.9;599;729;7.2;8.75;293;295;0.7;0.0
1/27/05 13:51;1/27/05;13.51;2;1.1;17.35;18.96;0.98;1.0;14.77;13.47;0.52;0.9;600;729;7.2;8.75;293;295;0.8;0.0
1/27/05 13:52;1/27/05;13.52;2;1.1;17.43;18.93;0.74;1.0;14.65;13.61;0.49;0.9;600;729;7.2;8.75;293;295;0.9;0.0
1/27/05 13:53;1/27/05;13.53;2;1.1;17.44;18.94;0.74;1.0;14.73;13.57;0.49;0.9;599;729;7.2;8.75;293;295;0.9;0.0
1/27/05 13:54;1/27/05;13.54;2;1.1;17.48;18.95;0.74;1.0;14.79;13.53;0.48;0.9;597;729;7.19;8.75;293;295;0.8;0.3
1/27/05 13:55;1/27/05;13.55;2;1.1;17.46;18.94;0.58;1.0;14.76;13.58;0.48;0.9;594;729;7.19;8.75;293;295;0.6;0.3
1/27/05 13:56;1/27/05;13.56;2;1.1;17.52;18.94;0.58;1.0;14.68;13.57;0.48;0.9;591;729;7.2;8.75;293;295;0.9;0.3
1/27/05 13:57;1/27/05;13.57;2;1.1;17.56;18.92;0.55;1.0;14.68;13.63;0.48;0.9;589;729;7.2;8.75;293;295;0.9;0.3
1/27/05 13:58;1/27/05;13.58;2;1.1;17.57;18.91;0.55;1.0;14.76;13.56;0.48;0.9;585;729;7.2;8.75;293;295;0.9;0.2
1/27/05 13:59;1/27/05;13.59;2;1.1;17.57;18.92;0.55;1.0;14.66;13.57;0.48;0.9;582;729;7.2;8.75;293;295;0.8;0.1
1/27/05 14:00;1/27/05;14.00;2;1.1;17.62;19.02;0.54;1.0;14.57;13.54;0.48;0.89;579;729;7.2;8.75;293;295;0.8;0.1
1/27/05 14:01;1/27/05;14.01;2;1.1;17.62;18.97;0.54;1.0;14.77;13.53;0.48;0.9;577;729;7.21;8.75;293;295;0.9;0.1
1/27/05 14:02;1/27/05;14.02;2;1.1;17.6;18.95;0.55;1.0;14.69;13.5;0.48;0.9;574;729;7.21;8.75;293;295;0.9;0.1
1/27/05 14:03;1/27/05;14.03;2;1.1;17.61;18.94;0.55;1.0;14.75;13.55;0.49;0.9;571;729;7.2;8.75;293;295;0.8;0.1
1/27/05 14:04;1/27/05;14.04;2;1.1;17.6;18.94;0.55;0.99;14.73;13.55;0.48;0.9;569;729;7.2;8.75;293;295;0.8;0.1
1/27/05 14:05;1/27/05;14.05;2;1.1;17.56;18.93;0.55;0.99;14.75;13.59;0.48;0.9;567;729;7.2;8.75;293;295;0.7;0.1
1/27/05 14:06;1/27/05;14.06;2;1.1;17.58;19.00;0.55;1.0;14.73;13.59;0.48;0.9;565;729;7.2;8.75;293;295;0.9;0.1
1/27/05 14:07;1/27/05;14.07;2;1.1;17.55;18.96;0.54;1.0;14.77;13.52;0.49;0.9;564;729;7.21;8.75;293;295;0.8;0.1
1/27/05 14:08;1/27/05;14.08;2;1.1;17.57;18.89;0.54;1.0;14.75;13.54;0.49;0.9;563;729;7.21;8.75;293;295;0.9;0.1
1/27/05 14:09;1/27/05;14.09;2;1.1;17.6;18.91;0.54;1.0;14.72;13.48;0.57;0.88;562;729;7.21;8.75;293;295;0.9;0.2
1/27/05 14:10;1/27/05;14.10;2;1.1;17.55;18.92;0.55;1.0;14.72;13.54;0.79;0.8;562;729;7.21;8.75;293;295;0.8;0.2
1/27/05 14:11;1/27/05;14.11;2;1.1;17.5;19.02;0.55;0.95;14.74;13.56;0.86;0.69;561;728;7.21;8.75;293;295;0.8;0.1
1/27/05 14:12;1/27/05;14.12;2;1.1;17.48;19.02;0.81;0.95;14.76;13.54;0.87;0.61;561;728;7.21;8.75;293;295;0.8;0.2
1/27/05 14:13;1/27/05;14.13;2;1.1;17.4;19.14;0.81;0.95;14.7;13.5;0.87;0.57;560;728;7.21;8.75;293;295;0.8;0.1
1/27/05 14:14;1/27/05;14.14;2;1.1;17.45;19.11;0.81;0.67;14.71;13.49;0.88;0.54;562;728;7.21;8.74;293;295;0.8;0.1
1/27/05 14:15;1/27/05;14.15;2;1.1;17.4;19.17;0.94;0.67;14.66;13.5;0.88;0.53;565;728;7.21;8.74;293;295;1.0;0.1
1/27/05 14:16;1/27/05;14.16;2;1.1;17.39;19.26;0.94;0.58;14.72;13.57;0.88;0.52;569;728;7.21;8.75;293;295;0.9;0.1
1/27/05 14:17;1/27/05;14.17;2;1.1;17.37;19.2;0.97;0.58;14.81;13.51;0.88;0.53;573;728;7.21;8.75;293;295;0.9;0.1
1/27/05 14:18;1/27/05;14.18;2;1.1;17.36;19.17;0.97;0.58;14.85;13.51;0.88;0.52;576;727;7.2;8.74;293;295;0.9;0.1
1/27/05 14:19;1/27/05;14.19;2;1.1;17.33;19.2;0.97;0.57;14.82;13.58;0.88;0.52;579;727;7.21;8.75;293;295;0.8;0.0
1/27/05 14:20;1/27/05;14.20;2;1.1;17.31;19.21;0.97;0.57;14.74;13.54;0.88;0.52;581;727;7.2;8.74;293;295;0.9;0.0
1/27/05 14:21;1/27/05;14.21;2;1.1;17.31;19.27;0.97;0.57;14.85;13.62;0.88;0.52;583;727;7.2;8.75;293;295;0.9;0.0
1/27/05 14:22;1/27/05;14.22;2;1.1;17.29;19.17;0.98;0.57;14.72;13.48;0.88;0.52;586;726;7.21;8.74;293;295;0.9;0.0
1/27/05 14:23;1/27/05;14.23;2;1.1;17.3;19.15;0.98;0.57;14.73;13.5;0.88;0.52;589;726;7.21;8.74;293;295;0.9;0.0
1/27/05 14:24;1/27/05;14.24;2;1.1;17.29;19.27;0.98;0.56;14.74;13.47;0.88;0.52;591;726;7.21;8.75;293;295;0.8;0.1
1/27/05 14:25;1/27/05;14.25;2;1.1;17.28;19.18;0.98;0.57;14.76;13.49;0.88;0.52;593;726;7.21;8.74;293;295;0.7;0.1
1/27/05 14:26;1/27/05;14.26;2;1.1;17.26;19.23;0.98;0.57;14.79;13.55;0.88;0.52;594;725;7.21;8.75;293;295;0.9;0.1
1/27/05 14:27;1/27/05;14.27;2;1.1;17.29;19.16;0.97;0.56;14.7;13.5;0.88;0.52;596;725;7.21;8.74;293;295;0.9;0.1
1/27/05 14:28;1/27/05;14.28;2;1.1;17.28;19.16;0.98;0.56;14.79;13.51;0.88;0.52;597;725;7.22;8.74;293;295;0.9;0.1
1/27/05 14:29;1/27/05;14.29;2;1.1;17.31;19.18;0.98;0.57;14.69;13.45;0.88;0.54;598;725;7.21;8.75;293;295;0.9;0.1
1/27/05 14:30;1/27/05;14.30;2;1.1;17.26;19.18;0.98;0.57;14.76;13.51;0.88;0.63;599;724;7.22;8.75;293;295;0.8;0.1
1/27/05 14:31;1/27/05;14.31;2;1.1;17.28;19.13;0.98;0.61;14.79;13.42;0.88;0.75;599;724;7.22;8.75;293;295;0.9;0.1
1/27/05 14:32;1/27/05;14.32;2;1.1;17.3;19.05;0.98;0.61;14.8;13.41;0.88;0.83;600;724;7.22;8.75;293;295;0.9;0.1
1/27/05 14:33;1/27/05;14.33;2;1.1;17.3;19.01;0.97;0.61;14.76;13.5;0.88;0.87;600;724;7.22;8.75;293;295;0.9;0.1
1/27/05 14:34;1/27/05;14.34;2;1.1;17.28;18.99;0.98;0.91;14.82;13.66;0.88;0.88;600;724;7.21;8.75;293;295;0.9;0.0
1/27/05 14:35;1/27/05;14.35;2;1.1;17.24;18.95;0.98;0.91;14.75;13.51;0.88;0.89;600;724;7.21;8.75;293;295;0.8;0.0
1/27/05 14:36;1/27/05;14.36;2;1.1;17.3;18.93;0.97;0.98;14.7;13.49;0.88;0.9;600;724;7.21;8.75;293;295;0.8;0.0
1/27/05 14:37;1/27/05;14.37;2;1.1;17.28;18.94;0.98;0.98;14.75;13.51;0.88;0.9;600;724;7.21;8.75;293;295;0.9;0.0
1/27/05 14:38;1/27/05;14.38;2;1.1;17.31;18.94;0.98;0.98;14.83;13.58;0.88;0.9;600;724;7.21;8.75;293;296;0.8;0.0
1/27/05 14:39;1/27/05;14.39;2;1.1;17.28;18.95;0.98;0.99;14.78;13.53;0.88;0.9;600;724;7.21;8.75;293;295;0.9;0.0
1/27/05 14:40;1/27/05;14.40;2;1.1;17.26;18.93;0.98;0.99;14.79;13.54;0.88;0.9;599;724;7.21;8.75;293;295;0.6;0.1
1/27/05 14:41;1/27/05;14.41;2;1.1;17.26;18.91;0.98;1.0;14.75;13.51;0.88;0.9;598;724;7.21;8.75;293;295;0.9;0.0
1/27/05 14:42;1/27/05;14.42;2;1.1;17.27;18.92;0.98;1.0;14.71;13.51;0.88;0.9;598;724;7.2;8.75;293;295;0.8;0.1
1/27/05 14:43;1/27/05;14.43;2;1.1;17.31;18.89;0.98;1.0;14.81;13.55;0.88;0.9;597;724;7.2;8.75;293;295;0.9;0.0
1/27/05 14:44;1/27/05;14.44;2;1.1;17.29;18.92;0.98;1.0;14.76;13.52;0.88;0.9;597;724;7.21;8.75;293;295;0.9;0.0
1/27/05 14:45;1/27/05;14.45;2;1.1;17.24;18.91;0.98;1.0;14.82;13.41;0.88;0.9;597;724;7.21;8.75;293;295;0.9;0.0
1/27/05 14:46;1/27/05;14.46;2;1.1;17.26;18.87;0.98;1.0;14.78;13.51;0.88;0.91;598;724;7.21;8.76;293;295;0.9;0.0
1/27/05 14:47;1/27/05;14.47;2;1.1;17.26;18.89;0.98;1.0;14.72;13.43;0.88;0.91;598;724;7.21;8.76;293;295;0.8;0.0
1/27/05 14:48;1/27/05;14.48;2;1.1;17.26;18.94;0.98;1.0;14.78;13.51;0.88;0.91;599;724;7.21;8.75;293;295;0.9;0.0
1/27/05 14:49;1/27/05;14.49;2;1.1;17.28;18.87;0.98;1.0;14.72;13.47;0.88;0.91;600;724;7.21;8.75;293;295;0.9;0.1
1/27/05 14:50;1/27/05;14.50;2;1.1;17.22;18.88;0.98;1.0;14.71;13.47;0.88;0.91;600;724;7.21;8.75;293;295;0.5;0.1
1/27/05 14:51;1/27/05;14.51;2;1.1;17.29;18.87;0.98;1.0;14.79;13.48;0.88;0.91;599;724;7.21;8.75;293;295;0.8;0.1
1/27/05 14:52;1/27/05;14.52;2;1.1;17.28;18.89;0.97;1.0;14.72;13.45;0.88;0.9;599;724;7.21;8.75;293;295;0.9;0.1
1/27/05 14:53;1/27/05;14.53;2;1.1;17.27;18.89;0.97;0.99;14.76;13.47;0.88;0.91;598;724;7.21;8.76;293;295;0.9;0.1
1/27/05 14:54;1/27/05;14.54;2;1.1;17.27;18.91;0.97;0.99;14.75;13.57;0.88;0.9;598;724;7.21;8.75;293;295;0.8;0.1
1/27/05 14:55;1/27/05;14.55;2;1.1;17.24;18.92;0.98;0.99;14.71;13.47;0.88;0.9;598;724;7.21;8.75;293;295;0.3;0.1
1/27/05 14:56;1/27/05;14.56;2;1.1;17.24;19.01;0.98;0.99;14.71;13.46;0.88;0.91;597;724;7.21;8.76;293;295;0.9;0.1
1/27/05 14:57;1/27/05;14.57;2;1.1;17.29;18.88;0.98;0.99;14.76;13.51;0.88;0.91;597;725;7.21;8.75;293;295;0.9;0.1
1/27/05 14:58;1/27/05;14.58;2;1.1;17.28;18.86;0.98;1.0;14.75;13.64;0.88;0.91;597;725;7.21;8.75;293;295;0.9;0.1
1/27/05 14:59;1/27/05;14.59;2;1.1;17.29;18.9;0.98;1.0;14.79;13.5;0.88;0.91;596;725;7.21;8.75;293;295;0.9;0.0
1/27/05 15:00;1/27/05;15.00;2;1.1;17.32;18.96;0.98;1.0;14.79;13.51;0.88;0.9;596;724;7.21;8.75;293;295;0.8;0.0
1/27/05 15:00;1/27/05;15.00;2;0.0;17.32;18.96;0.98;1.0;14.79;13.51;0.88;0.9;596;724;7.21;8.75;293;295;0.8;0.0
1/27/05 15:01;1/27/05;15.01;2;0.0;17.28;18.9;0.98;1.0;14.76;13.5;0.88;0.91;597;725;7.21;8.76;293;295;0.9;0.0
1/27/05 15:02;1/27/05;15.02;2;0.0;17.29;18.9;0.98;1.0;14.75;13.49;0.88;0.9;597;725;7.21;8.75;293;295;0.8;0.0
1/27/05 15:03;1/27/05;15.03;2;0.0;17.28;18.88;0.98;1.0;14.7;13.57;0.88;0.91;597;725;7.21;8.75;293;295;0.8;0.0
1/27/05 15:04;1/27/05;15.04;2;0.0;17.32;18.91;0.98;1.0;14.75;13.58;0.88;0.9;597;725;7.21;8.75;293;295;0.8;0.0
1/27/05 15:05;1/27/05;15.05;2;0.0;17.23;18.88;0.98;1.0;14.83;13.46;0.88;0.91;597;725;7.21;8.75;293;295;0.4;0.0
1/27/05 15:06;1/27/05;15.06;2;0.0;17.3;18.9;0.97;1.0;14.66;13.42;0.88;0.91;597;725;7.21;8.75;293;295;0.8;0.0
1/27/05 15:07;1/27/05;15.07;2;0.0;17.27;18.96;0.98;1.0;14.67;13.46;0.88;0.91;597;725;7.21;8.76;293;295;0.8;0.0
1/27/05 15:08;1/27/05;15.08;2;0.0;17.26;18.88;0.97;0.99;14.66;13.47;0.88;0.9;597;725;7.21;8.76;293;295;0.9;0.0
1/27/05 15:09;1/27/05;15.09;2;0.0;17.28;18.88;0.98;0.99;14.8;13.58;0.88;0.91;597;725;7.21;8.75;293;295;0.9;0.0
1/27/05 15:10;1/27/05;15.10;2;0.0;17.22;18.88;0.97;0.99;14.79;13.41;0.88;0.91;597;725;7.21;8.75;293;295;0.9;0.0
1/27/05 15:11;1/27/05;15.11;2;0.0;17.29;18.96;0.98;0.99;14.76;13.4;0.88;0.91;597;725;7.2;8.76;293;295;0.8;0.0
1/27/05 15:12;1/27/05;15.12;2;0.0;17.31;18.88;0.97;0.99;14.71;13.61;0.88;0.91;597;725;7.21;8.75;293;295;0.9;0.0
1/27/05 15:13;1/27/05;15.13;2;0.0;17.27;18.85;0.97;1.00;14.72;13.45;0.88;0.91;597;725;7.21;8.75;293;295;0.9;0.0
1/27/05 15:14;1/27/05;15.14;2;0.0;17.25;18.94;0.97;1.00;14.75;13.52;0.88;0.91;597;725;7.21;8.75;293;295;0.8;0.1
1/27/05 15:15;1/27/05;15.15;2;0.0;17.21;18.87;0.97;1.00;14.71;13.53;0.88;0.91;597;725;7.21;8.75;293;295;0.7;0.1
1/27/05 15:16;1/27/05;15.16;2;0.0;17.25;18.93;0.97;1.00;14.89;13.46;0.88;0.91;596;725;7.21;8.76;293;295;0.8;0.1
1/27/05 15:17;1/27/05;15.17;2;0.0;17.27;18.85;0.98;1.00;14.75;13.54;0.88;0.91;595;725;7.21;8.75;293;295;0.8;0.1
1/27/05 15:18;1/27/05;15.18;2;0.0;17.27;18.81;0.98;1.00;14.83;13.49;0.88;0.91;595;725;7.21;8.76;293;295;0.9;0.2
1/27/05 15:19;1/27/05;15.19;2;0.0;17.24;18.82;0.98;1.00;14.77;13.52;0.88;0.91;594;725;7.2;8.75;293;295;0.8;0.1
1/27/05 15:20;1/27/05;15.20;2;0.0;17.22;18.84;0.97;1.00;14.76;13.54;0.88;0.91;594;725;7.21;8.76;293;295;0.9;0.1
1/27/05 15:21;1/27/05;15.21;2;0.0;17.24;18.96;0.98;1.00;14.81;13.54;0.88;0.91;594;725;7.21;8.76;293;295;0.9;0.1
1/27/05 15:22;1/27/05;15.22;2;0.0;17.28;18.97;0.98;1.00;14.76;13.51;0.88;0.91;594;725;7.21;8.75;293;295;0.9;0.1
1/27/05 15:23;1/27/05;15.23;2;0.0;17.26;18.83;0.98;1.00;14.67;13.63;0.88;0.91;594;725;7.21;8.75;293;295;0.9;0.1
1/27/05 15:24;1/27/05;15.24;2;0.0;17.27;18.84;0.98;1.00;14.74;13.57;0.88;0.91;594;725;7.2;8.75;293;295;0.9;0.2
1/27/05 15:25;1/27/05;15.25;2;0.0;17.24;18.85;0.98;1.00;14.73;13.57;0.88;0.91;594;725;7.22;8.75;293;295;0.7;0.2
1/27/05 15:26;1/27/05;15.26;2;0.0;17.29;18.92;0.98;1.00;14.76;13.6;0.88;0.91;594;725;7.21;8.76;293;295;0.8;0.2
1/27/05 15:27;1/27/05;15.27;2;0.0;17.27;18.82;0.98;1.00;14.77;13.54;0.88;0.91;594;725;7.21;8.75;293;295;0.9;0.2
1/27/05 15:28;1/27/05;15.28;2;0.0;17.23;18.81;0.98;1.00;14.74;13.47;0.88;0.91;595;725;7.21;8.75;293;295;0.8;0.2
1/27/05 15:29;1/27/05;15.29;2;0.0;17.3;18.85;0.98;1.00;14.8;13.55;0.88;0.91;595;725;7.21;8.75;293;295;0.9;0.1
1/27/05 15:30;1/27/05;15.30;2;0.0;17.24;18.84;0.98;1.00;14.84;13.51;0.88;0.91;595;725;7.21;8.75;293;295;0.7;0.0
1/27/05 15:31;1/27/05;15.31;2;2.2;17.29;18.84;0.97;1.00;14.82;13.55;0.88;0.91;595;725;7.21;8.75;293;295;0.8;0.0
1/27/05 15:32;1/27/05;15.32;2;2.2;17.26;18.83;0.98;1.00;14.82;13.57;0.88;0.91;596;725;7.21;8.75;293;295;0.9;0.1
1/27/05 15:33;1/27/05;15.33;2;2.2;17.25;18.82;0.98;1.00;14.78;13.55;0.84;0.91;596;725;7.21;8.75;293;295;0.9;0.1
1/27/05 15:34;1/27/05;15.34;2;2.2;17.27;18.83;0.98;1.00;14.8;13.61;0.73;0.9;596;725;7.21;8.75;293;295;0.9;0.1
1/27/05 15:35;1/27/05;15.35;2;2.2;17.26;18.83;0.96;1.00;14.79;13.58;0.34;0.9;597;725;7.22;8.75;293;295;0.6;0.1
1/27/05 15:36;1/27/05;15.36;2;2.2;17.41;18.83;0.96;1.00;14.76;13.43;0.15;0.91;597;725;7.21;8.75;293;295;0.9;0.1
1/27/05 15:37;1/27/05;15.37;2;2.2;17.54;18.81;0.52;1.00;14.75;13.68;0.1;0.91;597;725;7.21;8.75;293;295;0.8;0.1
1/27/05 15:38;1/27/05;15.38;2;2.2;17.65;18.8;0.52;1.00;14.68;13.66;0.08;0.91;597;725;7.22;8.75;293;295;0.8;0.1
1/27/05 15:39;1/27/05;15.39;2;2.2;17.72;18.83;0.52;1.00;14.86;13.59;0.07;0.9;595;725;7.22;8.75;293;295;0.9;0.0
1/27/05 15:40;1/27/05;15.40;2;2.2;17.73;18.81;0.2;1.00;14.77;13.62;0.08;0.91;591;725;7.21;8.75;293;295;0.9;0.0
1/27/05 15:41;1/27/05;15.41;2;2.2;17.8;18.89;0.2;1.00;14.77;13.5;0.08;0.91;585;725;7.22;8.75;293;295;0.8;0.0
1/27/05 15:42;1/27/05;15.42;2;2.2;17.78;18.92;0.16;1.00;14.78;13.55;0.07;0.91;577;725;7.22;8.75;293;295;0.8;0.0
1/27/05 15:43;1/27/05;15.43;2;2.2;17.83;18.89;0.16;1.00;14.82;13.61;0.07;0.91;569;725;7.22;8.75;293;295;0.9;0.0
1/27/05 15:44;1/27/05;15.44;2;2.2;17.85;18.8;0.16;1.00;14.78;13.56;0.08;0.91;561;725;7.22;8.75;293;295;0.9;0.0
1/27/05 15:45;1/27/05;15.45;2;2.2;17.85;18.81;0.14;1.00;14.78;13.53;0.08;0.91;554;725;7.23;8.75;293;295;0.7;0.0
1/27/05 15:46;1/27/05;15.46;2;2.2;17.91;18.83;0.14;1.00;14.7;13.42;0.07;0.91;548;724;7.23;8.75;293;295;0.8;0.0
1/27/05 15:47;1/27/05;15.47;2;2.2;17.91;18.88;0.14;1.00;14.79;13.45;0.08;0.91;542;724;7.23;8.75;293;295;0.9;0.0
1/27/05 15:48;1/27/05;15.48;2;2.2;17.92;18.79;0.14;1.00;14.75;13.49;0.09;0.91;535;724;7.23;8.75;293;295;0.8;0.0
1/27/05 15:49;1/27/05;15.49;2;2.2;17.94;18.87;0.14;1.00;14.78;13.59;0.08;0.91;529;724;7.23;8.75;293;295;0.9;0.1
1/27/05 15:50;1/27/05;15.50;2;2.2;17.9;18.82;0.14;1.00;14.77;13.52;0.07;0.91;523;724;7.23;8.75;293;295;0.6;0.1
1/27/05 15:51;1/27/05;15.51;2;2.2;17.96;18.81;0.14;1.00;14.79;13.41;0.08;0.91;518;724;7.23;8.74;293;295;0.8;0.1
1/27/05 15:52;1/27/05;15.52;2;2.2;17.93;18.86;0.14;1.00;14.83;13.45;0.08;0.91;513;724;7.24;8.75;293;295;0.9;0.1
1/27/05 15:53;1/27/05;15.53;2;2.2;17.96;18.78;0.14;1.00;14.8;13.52;0.08;0.9;508;724;7.23;8.75;293;295;0.9;0.1
1/27/05 15:54;1/27/05;15.54;2;2.2;17.97;18.81;0.14;1.00;14.86;13.45;0.31;0.87;503;724;7.23;8.74;293;295;0.7;0.0
1/27/05 15:55;1/27/05;15.55;2;2.2;17.87;18.83;0.14;1.00;14.72;13.45;0.7;0.73;499;724;7.24;8.75;293;295;1.0;0.0
1/27/05 15:56;1/27/05;15.56;2;2.2;17.77;18.88;0.14;0.92;14.76;13.45;0.84;0.49;495;724;7.23;8.74;293;295;0.9;0.0
1/27/05 15:57;1/27/05;15.57;2;2.2;17.63;19.06;0.64;0.92;14.75;13.58;0.86;0.33;492;724;7.23;8.74;293;295;0.8;0.0
1/27/05 15:58;1/27/05;15.58;2;2.2;17.6;19.1;0.64;0.37;14.79;13.47;0.87;0.24;492;724;7.24;8.74;293;295;0.9;0.0
1/27/05 15:59;1/27/05;15.59;2;2.2;17.52;19.17;0.64;0.37;14.72;13.54;0.88;0.19;499;724;7.24;8.74;293;295;0.9;0.0
1/27/05 16:00;1/27/05;16.00;2;2.2;17.49;19.35;0.92;0.37;14.82;13.55;0.88;0.16;511;724;7.23;8.74;293;295;0.8;0.0
1/27/05 16:01;1/27/05;16.01;2;2.2;17.48;19.3;0.92;0.2;14.78;13.44;0.88;0.15;520;723;7.23;8.74;293;295;0.8;0.0
1/27/05 16:02;1/27/05;16.02;2;2.2;17.45;19.32;0.96;0.2;14.82;13.71;0.88;0.14;530;723;7.22;8.74;293;295;0.9;0.1
1/27/05 16:03;1/27/05;16.03;2;2.2;17.42;19.33;0.96;0.17;14.87;13.49;0.88;0.13;539;722;7.23;8.73;293;295;0.8;0.0
1/27/05 16:04;1/27/05;16.04;2;2.2;17.42;19.37;0.96;0.17;14.79;13.59;0.88;0.13;548;721;7.22;8.74;293;295;0.9;0.0
1/27/05 16:05;1/27/05;16.05;2;2.2;17.38;19.37;0.98;0.17;14.88;13.44;0.88;0.13;555;721;7.22;8.73;293;295;0.7;0.0
1/27/05 16:06;1/27/05;16.06;2;2.2;17.4;19.36;0.98;0.17;14.85;13.56;0.89;0.13;561;720;7.22;8.74;293;295;0.9;0.0
1/27/05 16:07;1/27/05;16.07;2;2.2;17.4;19.37;0.99;0.17;14.82;13.59;0.89;0.12;567;720;7.22;8.73;293;295;0.9;0.0
1/27/05 16:08;1/27/05;16.08;2;2.2;17.36;19.38;0.99;0.17;14.77;13.44;0.88;0.13;571;719;7.21;8.73;293;295;0.8;0.0
1/27/05 16:09;1/27/05;16.09;2;2.2;17.36;19.38;0.99;0.17;14.81;13.52;0.89;0.12;575;718;7.22;8.73;293;295;0.9;0.1
1/27/05 16:10;1/27/05;16.10;2;2.2;17.32;19.39;0.99;0.17;14.75;13.53;0.89;0.12;578;718;7.21;8.73;293;295;0.5;0.1
1/27/05 16:11;1/27/05;16.11;2;2.2;17.35;19.36;0.99;0.16;14.86;13.5;0.89;0.11;581;717;7.21;8.73;293;295;0.9;0.1
1/27/05 16:12;1/27/05;16.12;2;2.2;17.35;19.37;0.99;0.17;14.79;13.57;0.89;0.12;583;717;7.22;8.73;293;295;0.8;0.1
1/27/05 16:13;1/27/05;16.13;2;2.2;17.35;19.37;0.99;0.17;14.83;13.49;0.89;0.12;585;716;7.21;8.73;293;295;0.8;0.1
1/27/05 16:14;1/27/05;16.14;2;2.2;17.35;19.39;0.99;0.17;14.74;13.49;0.89;0.15;586;716;7.21;8.73;293;295;0.9;0.0
1/27/05 16:15;1/27/05;16.15;2;2.2;17.3;19.38;0.99;0.17;14.85;13.45;0.89;0.33;588;715;7.21;8.73;293;295;0.8;0.0
1/27/05 16:16;1/27/05;16.16;2;2.2;17.34;19.31;0.99;0.17;14.84;13.59;0.89;0.33;589;715;7.21;8.74;293;295;0.9;0.0
1/27/05 16:17;1/27/05;16.17;2;2.2;17.34;19.18;0.99;0.25;14.82;13.35;0.89;0.73;591;714;7.21;8.74;293;295;0.8;0.0
1/27/05 16:18;1/27/05;16.18;2;2.2;17.33;19.07;0.99;0.81;14.81;13.46;0.89;0.82;592;714;7.21;8.74;293;295;0.9;0.0
1/27/05 16:19;1/27/05;16.19;2;2.2;17.34;19.00;0.99;0.81;14.76;13.53;0.89;0.86;593;714;7.21;8.74;293;295;0.8;0.0
1/27/05 16:20;1/27/05;16.20;2;2.2;17.29;18.95;0.99;0.81;14.82;13.49;0.89;0.88;594;714;7.22;8.74;293;295;0.7;0.0
1/27/05 16:21;1/27/05;16.21;2;2.2;17.32;18.89;0.99;0.97;14.81;13.47;0.89;0.89;594;714;7.21;8.74;293;295;0.9;0.1
1/27/05 16:22;1/27/05;16.22;2;2.2;17.33;18.86;0.99;0.97;14.78;13.6;0.89;0.9;595;714;7.21;8.74;293;295;0.8;0.0
1/27/05 16:23;1/27/05;16.23;2;2.2;17.31;18.84;0.99;1.0;14.79;13.46;0.89;0.91;596;715;7.21;8.74;293;295;0.8;0.0
1/27/05 16:24;1/27/05;16.24;2;2.2;17.31;18.85;0.99;0.99;14.8;13.46;0.89;0.91;596;715;7.21;8.74;293;295;0.8;0.0
1/27/05 16:25;1/27/05;16.25;2;2.2;17.3;18.84;0.99;1.0;14.72;13.52;0.89;0.91;597;715;7.21;8.74;293;295;0.4;0.0
1/27/05 16:26;1/27/05;16.26;2;2.2;17.33;18.84;0.99;1.0;14.77;13.49;0.89;0.91;598;715;7.21;8.74;293;295;0.8;0.0
1/27/05 16:27;1/27/05;16.27;2;2.2;17.32;18.82;0.99;1.0;14.78;13.6;0.89;0.92;598;715;7.21;8.74;293;295;0.8;0.0
1/27/05 16:28;1/27/05;16.28;2;2.2;17.32;18.83;0.99;1.0;14.71;13.46;0.89;0.92;598;716;7.21;8.74;293;295;0.9;0.0
1/27/05 16:29;1/27/05;16.29;2;2.2;17.32;18.84;0.99;1.0;14.82;13.58;0.89;0.91;598;716;7.21;8.74;293;295;0.9;0.4
1/27/05 16:30;1/27/05;16.30;2;2.2;17.28;18.85;1.0;1.0;14.8;13.46;0.89;0.92;599;716;7.21;8.74;293;295;0.8;0.4
1/27/05 16:31;1/27/05;16.31;2;2.2;17.32;18.84;1.0;1.01;14.86;13.51;0.89;0.92;599;717;7.21;8.74;293;295;0.9;0.4
1/27/05 16:32;1/27/05;16.32;2;2.2;17.28;18.82;1.0;1.01;14.81;13.59;0.89;0.92;599;717;7.21;8.74;293;295;0.9;0.4
1/27/05 16:33;1/27/05;16.33;2;2.2;17.29;18.81;1.0;1.01;14.86;13.64;0.89;0.92;599;717;7.21;8.74;293;295;0.8;0.4
1/27/05 16:34;1/27/05;16.34;2;2.2;17.3;18.84;1.0;1.01;14.8;13.57;0.89;0.92;599;717;7.21;8.74;293;295;0.9;0.0
1/27/05 16:35;1/27/05;16.35;2;2.2;17.26;18.83;1.0;1.01;14.89;13.58;0.89;0.92;600;717;7.21;8.74;293;295;0.9;0.0
1/27/05 16:36;1/27/05;16.36;2;2.2;17.3;18.83;1.0;1.01;14.91;13.59;0.9;0.92;600;717;7.21;8.74;293;295;0.9;0.0
1/27/05 16:37;1/27/05;16.37;2;2.2;17.28;18.84;1.0;1.01;14.84;13.59;0.89;0.92;600;718;7.21;8.74;293;295;0.8;0.0
1/27/05 16:38;1/27/05;16.38;2;2.2;17.26;18.82;1.0;1.01;14.88;13.49;0.9;0.92;600;718;7.21;8.74;293;295;0.8;0.0
1/27/05 16:39;1/27/05;16.39;2;2.2;17.28;18.81;1.0;1.01;14.85;13.56;0.9;0.92;600;718;7.21;8.74;293;295;0.8;0.0
1/27/05 16:40;1/27/05;16.40;2;2.2;17.23;18.81;1.0;1.01;14.77;13.51;0.9;0.92;601;718;7.21;8.74;293;295;0.4;0.0
1/27/05 16:41;1/27/05;16.41;2;2.2;17.27;18.79;1.0;1.02;14.85;13.56;0.9;0.92;601;718;7.21;8.74;293;295;0.8;0.0
1/27/05 16:42;1/27/05;16.42;2;2.2;17.26;18.78;1.0;1.02;14.81;13.66;0.9;0.92;601;719;7.21;8.74;293;295;0.8;0.0
1/27/05 16:43;1/27/05;16.43;2;2.2;17.22;18.73;1.0;1.01;14.83;13.57;0.9;0.92;601;719;7.22;8.74;292;295;0.8;0.0
1/27/05 16:44;1/27/05;16.44;2;2.2;17.18;18.71;1.0;1.01;14.82;13.55;0.9;0.92;601;719;7.22;8.74;292;295;0.9;0.0
1/27/05 16:45;1/27/05;16.45;2;2.2;17.14;18.68;1.0;1.01;14.89;13.48;0.9;0.92;602;719;7.22;8.74;292;295;0.7;0.0